id,name,x,y,region
430,1st plague sheep,578,564,Yanille
430,1st plague sheep,578,565,Yanille
430,1st plague sheep,578,566,Yanille
431,2nd plague sheep,581,564,Yanille
431,2nd plague sheep,581,565,Yanille
431,2nd plague sheep,581,566,Yanille
432,3rd plague sheep,621,529,Yanille
432,3rd plague sheep,622,529,Yanille
432,3rd plague sheep,623,529,Yanille
433,4th plague sheep,603,585,Yanille
433,4th plague sheep,603,586,Yanille
433,4th plague sheep,603,587,Yanille
174,Abbot Langley,252,467,Barbarian Village
253,Achetties,372,443,Central Map
209,Adventurer,177,669,Southern Map
207,Adventurer,178,667,Southern Map
208,Adventurer,179,667,Southern Map
210,Adventurer,180,669,Southern Map
336,Aemad,578,600,Yanille
125,Aggie,223,626,Southern Map
700,Al Shabim,172,807,Southern Map
260,Alfonse the waiter,453,686,Brimhaven
470,Almera,656,448,Central Map
450,Alrena,615,581,Eastern Map
536,Aluft Gianne,714,1388,Southern Map
554,Ana,66,3605,Underground/Dungeon
554,Ana,73,3606,Underground/Dungeon
295,Animated axe,157,105,Wilderness (deep)
295,Animated axe,159,103,Wilderness (deep)
295,Animated axe,159,105,Wilderness (deep)
295,Animated axe,160,104,Wilderness (deep)
295,Animated axe,161,105,Wilderness (deep)
295,Animated axe,161,106,Wilderness (deep)
295,Animated axe,162,105,Wilderness (deep)
295,Animated axe,328,3362,Underground/Dungeon
295,Animated axe,329,3369,Underground/Dungeon
565,Anita,739,1382,Southern Map
751,Anna Sinclair,496,389,Wilderness (low)
33,Apothecary,143,519,Varrock
728,Archaeological expert,24,571,Central Map
728,Archaeological expert,25,571,Central Map
728,Archaeological expert,26,571,Central Map
280,Arhein,440,502,Catherby
720,Assistant,61,731,Southern Map
720,Assistant,64,730,Southern Map
54,Aubury,102,523,Al Kharid/Desert
203,Baby Blue Dragon,357,3352,Underground/Dungeon
203,Baby Blue Dragon,358,3353,Underground/Dungeon
203,Baby Blue Dragon,362,3349,Underground/Dungeon
203,Baby Blue Dragon,363,3353,Underground/Dungeon
203,Baby Blue Dragon,363,3357,Underground/Dungeon
203,Baby Blue Dragon,369,3372,Underground/Dungeon
203,Baby Blue Dragon,372,3372,Underground/Dungeon
325,Baker,546,599,Central Map
232,Bandit,263,299,Wilderness (mid)
232,Bandit,268,318,Wilderness (mid)
232,Bandit,269,299,Wilderness (mid)
232,Bandit,269,323,Wilderness (mid)
232,Bandit,270,297,Wilderness (mid)
234,Bandit,270,302,Wilderness (mid)
232,Bandit,270,319,Wilderness (mid)
232,Bandit,271,318,Wilderness (mid)
232,Bandit,271,324,Wilderness (mid)
234,Bandit,272,301,Wilderness (mid)
234,Bandit,274,301,Wilderness (mid)
485,Bank assistant,198,748,Southern Map
485,Bank assistant,198,752,Southern Map
485,Bank assistant,200,751,Southern Map
95,Banker,73,1643,Southern Map
268,Banker,87,694,Al Kharid/Desert
268,Banker,90,690,Al Kharid/Desert
268,Banker,91,691,Al Kharid/Desert
268,Banker,92,699,Al Kharid/Desert
95,Banker,100,511,Al Kharid/Desert
95,Banker,102,515,Al Kharid/Desert
95,Banker,104,513,Al Kharid/Desert
95,Banker,149,500,Varrock
95,Banker,149,504,Varrock
95,Banker,150,498,Varrock
95,Banker,213,452,Edgeville
95,Banker,214,449,Edgeville
95,Banker,217,452,Edgeville
95,Banker,217,638,Southern Map
95,Banker,218,635,Southern Map
95,Banker,220,637,Southern Map
95,Banker,280,566,Port Sarim
95,Banker,280,568,Port Sarim
95,Banker,282,566,Port Sarim
95,Banker,284,573,Port Sarim
95,Banker,285,570,Port Sarim
95,Banker,330,555,Falador
95,Banker,331,551,Falador
95,Banker,331,554,Falador
95,Banker,333,551,Falador
95,Banker,334,555,Falador
95,Banker,438,494,Catherby
95,Banker,439,491,Catherby
95,Banker,441,491,Catherby
95,Banker,499,449,Central Map
95,Banker,500,451,Central Map
95,Banker,502,447,Central Map
95,Banker,502,451,Central Map
95,Banker,503,449,Central Map
95,Banker,511,2422,Southern Map
95,Banker,512,2423,Southern Map
95,Banker,515,2422,Southern Map
95,Banker,552,610,Southern Map
95,Banker,552,613,Southern Map
95,Banker,553,615,Southern Map
95,Banker,554,614,Southern Map
95,Banker,578,572,Yanille
95,Banker,580,574,Yanille
95,Banker,582,576,Yanille
95,Banker,583,573,Yanille
95,Banker,586,751,Yanille
95,Banker,589,753,Yanille
95,Banker,589,756,Yanille
26,Baraek,128,505,Varrock
76,Barbarian,230,509,Central Map
76,Barbarian,230,522,Central Map
76,Barbarian,233,502,Central Map
76,Barbarian,233,506,Central Map
76,Barbarian,235,499,Central Map
76,Barbarian,235,501,Central Map
76,Barbarian,236,519,Central Map
76,Barbarian,487,549,Central Map
76,Barbarian,490,547,Seers Village
76,Barbarian,491,544,Seers Village
76,Barbarian,491,550,Seers Village
76,Barbarian,491,554,Seers Village
305,Barbarian guard,494,547,Seers Village
305,Barbarian guard,495,547,Seers Village
142,Barmaid,320,1491,Southern Map
142,Barmaid,321,549,Falador
44,Bartender,83,453,Central Map
520,Bartender,94,526,Al Kharid/Desert
12,Bartender,120,521,Varrock
150,Bartender,257,626,Southern Map
279,Bartender,451,705,Brimhaven
306,Bartender,524,451,Central Map
340,Bartender,619,587,Eastern Map
529,Bartender,629,766,Southern Map
789,Battle mage,226,130,Wilderness (deep)
791,Battle mage,226,131,Wilderness (deep)
790,Battle mage,227,127,Wilderness (deep)
791,Battle mage,229,128,Wilderness (deep)
790,Battle mage,229,133,Wilderness (deep)
789,Battle mage,230,130,Wilderness (deep)
8,Bear,73,561,Central Map
49,Bear,98,1429,Al Kharid
8,Bear,117,450,Central Map
8,Bear,165,439,Wilderness (low)
8,Bear,169,653,Southern Map
8,Bear,183,653,Southern Map
188,Bear,209,364,Wilderness (low)
188,Bear,213,365,Wilderness (low)
188,Bear,224,328,Wilderness (mid)
188,Bear,229,331,Wilderness (mid)
188,Bear,238,312,Wilderness (mid)
188,Bear,289,332,Wilderness (mid)
188,Bear,291,332,Wilderness (mid)
8,Bear,303,596,Port Sarim
8,Bear,311,461,Dwarven Mine
8,Bear,311,467,Dwarven Mine
8,Bear,432,540,Catherby
188,Bear,515,567,Central Map
188,Bear,516,563,Central Map
188,Bear,517,580,Central Map
188,Bear,521,574,Central Map
188,Bear,527,573,Central Map
188,Bear,529,566,Central Map
188,Bear,530,579,Central Map
8,Bear,569,615,Southern Map
8,Bear,569,620,Southern Map
8,Bear,593,774,Yanille
8,Bear,603,779,Yanille
8,Bear,608,774,Yanille
8,Bear,650,683,Southern Map
8,Bear,685,709,Southern Map
8,Bear,696,666,Eastern Map
8,Bear,748,522,Yanille
8,Bear,765,516,Yanille
701,Bedabin Nomad,169,794,Southern Map
701,Bedabin Nomad,169,803,Southern Map
701,Bedabin Nomad,171,795,Southern Map
701,Bedabin Nomad,173,807,Southern Map
701,Bedabin Nomad,175,799,Southern Map
701,Bedabin Nomad,175,801,Southern Map
701,Bedabin Nomad,176,797,Southern Map
703,Bedabin Nomad Guard,170,794,Southern Map
149,Betty,273,632,Port Sarim
353,Big Dave,570,500,Ardougne
448,Billy Rehnison,646,566,Eastern Map
290,Black Demon,227,3231,Underground/Dungeon
290,Black Demon,229,3232,Underground/Dungeon
290,Black Demon,233,3232,Underground/Dungeon
290,Black Demon,293,3417,Underground/Dungeon
290,Black Demon,294,3417,Underground/Dungeon
290,Black Demon,295,3417,Underground/Dungeon
290,Black Demon,300,3414,Underground/Dungeon
290,Black Demon,384,3370,Underground/Dungeon
290,Black Demon,386,3364,Underground/Dungeon
290,Black Demon,389,3364,Underground/Dungeon
290,Black Demon,389,3370,Underground/Dungeon
290,Black Demon,664,3632,Underground/Dungeon
290,Black Demon,666,3633,Underground/Dungeon
291,Black Dragon,153,209,Wilderness (deep)
291,Black Dragon,250,174,Wilderness (deep)
291,Black Dragon,272,2999,Southern Map
291,Black Dragon,273,2998,Southern Map
291,Black Dragon,407,3336,Underground/Dungeon
291,Black Dragon,412,3337,Underground/Dungeon
237,Black Heather,271,300,Wilderness (mid)
189,Black Knight,58,263,Wilderness (mid)
189,Black Knight,68,262,Wilderness (mid)
66,Black Knight,85,447,Central Map
66,Black Knight,123,437,Wilderness (low)
66,Black Knight,220,652,Southern Map
189,Black Knight,252,190,Wilderness (deep)
189,Black Knight,254,184,Wilderness (deep)
189,Black Knight,255,185,Wilderness (deep)
189,Black Knight,257,187,Wilderness (deep)
189,Black Knight,258,180,Wilderness (deep)
189,Black Knight,259,181,Wilderness (deep)
189,Black Knight,265,186,Wilderness (deep)
189,Black Knight,269,186,Wilderness (deep)
66,Black Knight,272,2323,Southern Map
66,Black Knight,273,2331,Southern Map
66,Black Knight,275,438,Wilderness (low)
66,Black Knight,275,2334,Southern Map
189,Black Knight,276,187,Wilderness (deep)
66,Black Knight,276,454,Central Map
66,Black Knight,277,441,Central Map
66,Black Knight,277,448,Central Map
66,Black Knight,277,2328,Southern Map
66,Black Knight,277,2332,Southern Map
189,Black Knight,279,665,Port Sarim
108,Black Knight,281,1381,Southern Map
66,Black Knight,282,438,Wilderness (low)
66,Black Knight,283,451,Dwarven Mine
189,Black Knight,342,3354,Underground/Dungeon
189,Black Knight,343,3413,Underground/Dungeon
189,Black Knight,343,3419,Underground/Dungeon
189,Black Knight,346,3344,Underground/Dungeon
189,Black Knight,346,3426,Underground/Dungeon
189,Black Knight,346,3433,Underground/Dungeon
189,Black Knight,348,3400,Underground/Dungeon
189,Black Knight,349,3418,Underground/Dungeon
189,Black Knight,350,3426,Underground/Dungeon
189,Black Knight,351,3433,Underground/Dungeon
189,Black Knight,353,3412,Underground/Dungeon
189,Black Knight,353,3418,Underground/Dungeon
189,Black Knight,355,3340,Underground/Dungeon
189,Black Knight,356,3426,Underground/Dungeon
401,Black Knight titan,413,11,Wilderness (deep)
296,Black Unicorn,107,307,Wilderness (mid)
296,Black Unicorn,109,312,Wilderness (mid)
296,Black Unicorn,115,311,Wilderness (mid)
296,Black Unicorn,118,310,Wilderness (mid)
296,Black Unicorn,119,306,Wilderness (mid)
296,Black Unicorn,120,312,Wilderness (mid)
631,Blessed Spider,708,3438,Underground/Dungeon
631,Blessed Spider,710,3421,Underground/Dungeon
631,Blessed Spider,712,3435,Underground/Dungeon
631,Blessed Spider,713,3412,Underground/Dungeon
631,Blessed Spider,713,3438,Underground/Dungeon
631,Blessed Spider,714,3439,Underground/Dungeon
631,Blessed Spider,714,3441,Underground/Dungeon
631,Blessed Spider,715,3411,Underground/Dungeon
631,Blessed Spider,715,3413,Underground/Dungeon
631,Blessed Spider,715,3422,Underground/Dungeon
631,Blessed Spider,715,3440,Underground/Dungeon
631,Blessed Spider,715,3442,Underground/Dungeon
631,Blessed Spider,716,3411,Underground/Dungeon
631,Blessed Spider,716,3413,Underground/Dungeon
631,Blessed Spider,716,3415,Underground/Dungeon
631,Blessed Spider,716,3440,Underground/Dungeon
631,Blessed Spider,716,3441,Underground/Dungeon
631,Blessed Spider,723,585,Eastern Map
631,Blessed Spider,724,592,Eastern Map
631,Blessed Spider,725,594,Eastern Map
631,Blessed Spider,727,589,Eastern Map
631,Blessed Spider,727,591,Eastern Map
631,Blessed Spider,728,589,Eastern Map
631,Blessed Spider,731,589,Eastern Map
631,Blessed Spider,732,581,Eastern Map
631,Blessed Spider,732,584,Eastern Map
630,Blessed Vermen,729,3478,Underground/Dungeon
630,Blessed Vermen,730,3462,Underground/Dungeon
630,Blessed Vermen,731,3462,Underground/Dungeon
630,Blessed Vermen,733,3483,Underground/Dungeon
630,Blessed Vermen,735,3464,Underground/Dungeon
630,Blessed Vermen,736,3464,Underground/Dungeon
630,Blessed Vermen,737,3483,Underground/Dungeon
630,Blessed Vermen,741,3489,Underground/Dungeon
630,Blessed Vermen,742,3489,Underground/Dungeon
630,Blessed Vermen,743,3476,Underground/Dungeon
630,Blessed Vermen,743,3489,Underground/Dungeon
630,Blessed Vermen,744,3474,Underground/Dungeon
630,Blessed Vermen,744,3476,Underground/Dungeon
630,Blessed Vermen,744,3489,Underground/Dungeon
630,Blessed Vermen,745,3489,Underground/Dungeon
630,Blessed Vermen,746,3489,Underground/Dungeon
630,Blessed Vermen,747,3474,Underground/Dungeon
630,Blessed Vermen,747,3489,Underground/Dungeon
630,Blessed Vermen,748,3480,Underground/Dungeon
630,Blessed Vermen,748,3489,Underground/Dungeon
630,Blessed Vermen,749,3480,Underground/Dungeon
630,Blessed Vermen,749,3489,Underground/Dungeon
630,Blessed Vermen,750,3479,Underground/Dungeon
630,Blessed Vermen,750,3480,Underground/Dungeon
630,Blessed Vermen,751,3489,Underground/Dungeon
630,Blessed Vermen,752,3489,Underground/Dungeon
630,Blessed Vermen,753,3489,Underground/Dungeon
630,Blessed Vermen,764,3466,Underground/Dungeon
630,Blessed Vermen,764,3467,Underground/Dungeon
630,Blessed Vermen,764,3468,Underground/Dungeon
630,Blessed Vermen,764,3469,Underground/Dungeon
630,Blessed Vermen,764,3470,Underground/Dungeon
630,Blessed Vermen,765,3467,Underground/Dungeon
630,Blessed Vermen,765,3468,Underground/Dungeon
630,Blessed Vermen,765,3471,Underground/Dungeon
630,Blessed Vermen,766,3469,Underground/Dungeon
202,Blue Dragon,233,167,Wilderness (deep)
202,Blue Dragon,370,3352,Underground/Dungeon
202,Blue Dragon,370,3355,Underground/Dungeon
202,Blue Dragon,375,3272,Underground/Dungeon
202,Blue Dragon,635,3616,Underground/Dungeon
202,Blue Dragon,650,3608,Underground/Dungeon
202,Blue Dragon,659,3617,Underground/Dungeon
534,Blurberry,691,1404,Southern Map
580,Blurberry barman,690,1403,Southern Map
580,Blurberry barman,692,1404,Southern Map
1,Bob,124,669,Lumbridge
752,Bob Sinclair,485,385,Wilderness (low)
347,Bonzo,566,491,Ardougne
313,Boot the Dwarf,311,3348,Underground/Dungeon
162,Border Guard,91,649,Southern Map
161,Border Guard,92,650,Southern Map
240,Boy,357,489,Central Map
454,Bravek,646,586,Eastern Map
131,Brian,265,629,Port Sarim
590,Brimstail,739,3334,Underground/Dungeon
357,Brother Cedric,617,638,Eastern Map
176,Brother Jered,250,1410,Southern Map
366,Brother Kojo,580,637,Yanille
350,Brother Omad,580,665,Yanille
13,Camel,56,661,Al Kharid
13,Camel,57,603,Southern Map
13,Camel,58,770,Southern Map
13,Camel,62,683,Al Kharid/Desert
13,Camel,63,663,Al Kharid
13,Camel,63,740,Southern Map
13,Camel,63,786,Southern Map
13,Camel,65,801,Southern Map
13,Camel,66,651,Southern Map
13,Camel,68,645,Southern Map
13,Camel,69,640,Southern Map
13,Camel,71,647,Southern Map
13,Camel,75,661,Al Kharid
13,Camel,76,649,Southern Map
13,Camel,76,751,Southern Map
13,Camel,82,659,Southern Map
13,Camel,83,692,Al Kharid/Desert
13,Camel,93,734,Al Kharid
13,Camel,114,804,Southern Map
13,Camel,116,745,Southern Map
13,Camel,128,762,Southern Map
13,Camel,131,785,Southern Map
13,Camel,145,803,Southern Map
13,Camel,152,774,Southern Map
13,Camel,171,788,Southern Map
13,Camel,179,804,Southern Map
13,Camel,575,618,Yanille
13,Camel,580,621,Yanille
282,Candlemaker,448,492,Catherby
316,Captain Barnaby,537,615,Southern Map
18,Captain Rovin,138,1406,Southern Map
702,Captain Siad,85,1747,Al Kharid
166,Captain Tobias,270,654,Port Sarim
753,Carol Sinclair,488,1329,Southern Map
455,Caroline,521,619,Southern Map
619,Cart Driver,417,853,Karamja
618,Cart Driver,464,662,Brimhaven
101,Cassie,309,533,Falador
661,Chadwell,684,589,Eastern Map
509,Chancy,94,528,Al Kharid/Desert
505,Chancy,340,657,Rimmington
270,Chaos Druid,212,3248,Underground/Dungeon
270,Chaos Druid,213,3256,Underground/Dungeon
270,Chaos Druid,214,3244,Underground/Dungeon
270,Chaos Druid,216,3243,Underground/Dungeon
270,Chaos Druid,217,3244,Underground/Dungeon
270,Chaos Druid,218,3243,Underground/Dungeon
270,Chaos Druid,219,3244,Underground/Dungeon
270,Chaos Druid,219,3247,Underground/Dungeon
270,Chaos Druid,342,3317,Underground/Dungeon
270,Chaos Druid,342,3319,Underground/Dungeon
270,Chaos Druid,344,3318,Underground/Dungeon
270,Chaos Druid,345,3314,Underground/Dungeon
270,Chaos Druid,345,3316,Underground/Dungeon
270,Chaos Druid,580,3584,Underground/Dungeon
270,Chaos Druid,581,3555,Underground/Dungeon
270,Chaos Druid,582,3583,Underground/Dungeon
270,Chaos Druid,582,3588,Underground/Dungeon
270,Chaos Druid,583,3552,Underground/Dungeon
270,Chaos Druid,585,3555,Underground/Dungeon
270,Chaos Druid,585,3587,Underground/Dungeon
270,Chaos Druid,586,3584,Underground/Dungeon
270,Chaos Druid,616,553,Yanille
270,Chaos Druid,617,552,Yanille
270,Chaos Druid,618,552,Yanille
270,Chaos Druid,618,554,Yanille
555,Chaos Druid warrior,580,3587,Underground/Dungeon
555,Chaos Druid warrior,596,3574,Underground/Dungeon
555,Chaos Druid warrior,599,3575,Underground/Dungeon
555,Chaos Druid warrior,600,3570,Underground/Dungeon
555,Chaos Druid warrior,601,3567,Underground/Dungeon
555,Chaos Druid warrior,601,3577,Underground/Dungeon
261,Charlie the cook,453,680,Brimhaven
611,Cheerleader,735,444,Central Map
611,Cheerleader,735,445,Central Map
611,Cheerleader,736,445,Central Map
611,Cheerleader,736,455,Central Map
611,Cheerleader,736,456,Central Map
611,Cheerleader,737,443,Central Map
611,Cheerleader,738,456,Central Map
504,Chemist,344,665,Rimmington
3,Chicken,64,1639,Southern Map
3,Chicken,118,603,Southern Map
3,Chicken,118,604,Southern Map
3,Chicken,120,603,Southern Map
3,Chicken,120,604,Southern Map
3,Chicken,120,605,Southern Map
3,Chicken,121,603,Southern Map
3,Chicken,145,560,Central Map
3,Chicken,145,561,Central Map
3,Chicken,145,562,Central Map
3,Chicken,146,562,Central Map
3,Chicken,147,560,Central Map
3,Chicken,157,615,Southern Map
3,Chicken,158,616,Southern Map
3,Chicken,159,615,Southern Map
3,Chicken,160,616,Southern Map
3,Chicken,161,616,Southern Map
91,Chicken,209,2439,Southern Map
3,Chicken,217,3520,Underground/Dungeon
3,Chicken,218,755,Southern Map
3,Chicken,219,755,Southern Map
3,Chicken,219,756,Southern Map
3,Chicken,269,606,Port Sarim
3,Chicken,271,607,Port Sarim
3,Chicken,272,601,Port Sarim
3,Chicken,272,603,Port Sarim
3,Chicken,272,605,Port Sarim
3,Chicken,310,565,Rimmington
3,Chicken,405,546,Taverly
3,Chicken,405,550,Taverly
3,Chicken,406,548,Taverly
3,Chicken,407,545,Taverly
3,Chicken,407,550,Taverly
3,Chicken,410,546,Taverly
3,Chicken,412,545,Taverly
3,Chicken,435,771,Brimhaven
3,Chicken,438,764,Brimhaven
3,Chicken,450,763,Brimhaven
3,Chicken,451,768,Brimhaven
3,Chicken,490,548,Seers Village
3,Chicken,492,545,Seers Village
3,Chicken,493,405,Wilderness (low)
3,Chicken,496,403,Wilderness (low)
3,Chicken,499,406,Wilderness (low)
3,Chicken,523,617,Southern Map
3,Chicken,523,621,Southern Map
3,Chicken,525,620,Southern Map
3,Chicken,526,619,Southern Map
3,Chicken,558,492,Ardougne
3,Chicken,560,491,Ardougne
3,Chicken,560,495,Ardougne
3,Chicken,562,493,Ardougne
3,Chicken,971,173,Wilderness (deep)
3,Chicken,971,175,Wilderness (deep)
3,Chicken,972,171,Wilderness (deep)
3,Chicken,973,173,Wilderness (deep)
3,Chicken,973,175,Wilderness (deep)
315,Chronozon,232,3248,Underground/Dungeon
442,Citizen,633,584,Eastern Map
441,Citizen,633,604,Eastern Map
440,Citizen,634,599,Eastern Map
438,Citizen,640,591,Eastern Map
442,Citizen,642,590,Eastern Map
438,Citizen,648,591,Eastern Map
439,Citizen,650,592,Eastern Map
440,Citizen,651,591,Eastern Map
441,Citizen,653,593,Eastern Map
691,City Guard,634,797,Southern Map
691,City Guard,635,793,Southern Map
691,City Guard,636,793,Southern Map
452,Clerk,651,585,Eastern Map
518,Colonel Radick,644,754,Southern Map
474,Combat instructor,229,734,Southern Map
474,Combat instructor,229,736,Southern Map
474,Combat instructor,231,735,Southern Map
496,Community instructor,229,761,Southern Map
496,Community instructor,231,760,Southern Map
496,Community instructor,232,760,Southern Map
436,Councillor Halgrive,586,606,Yanille
394,Crone,411,560,Karamja
39,Curator,100,493,Al Kharid/Desert
163,Customs Officer,325,713,Southern Map
163,Customs Officer,331,713,Southern Map
317,Customs Official,467,649,Brimhaven
317,Customs Official,467,651,Brimhaven
667,Dark Mage,665,567,Eastern Map
199,Dark Warrior,249,345,Wilderness (mid)
199,Dark Warrior,254,360,Wilderness (low)
199,Dark Warrior,256,360,Wilderness (low)
199,Dark Warrior,257,345,Wilderness (mid)
199,Dark Warrior,257,346,Wilderness (mid)
199,Dark Warrior,260,359,Wilderness (low)
199,Dark Warrior,261,353,Wilderness (low)
199,Dark Warrior,263,346,Wilderness (mid)
199,Dark Warrior,265,355,Wilderness (low)
57,Darkwizard,105,549,Central Map
57,Darkwizard,105,553,Central Map
60,Darkwizard,108,557,Central Map
57,Darkwizard,109,546,Central Map
57,Darkwizard,112,557,Central Map
60,Darkwizard,113,546,Central Map
57,Darkwizard,116,550,Central Map
57,Darkwizard,117,555,Central Map
60,Darkwizard,212,2581,Southern Map
57,Darkwizard,229,642,Southern Map
57,Darkwizard,230,641,Southern Map
57,Darkwizard,310,409,Wilderness (low)
57,Darkwizard,311,408,Wilderness (low)
57,Darkwizard,311,409,Wilderness (low)
57,Darkwizard,312,409,Wilderness (low)
60,Darkwizard,312,414,Wilderness (low)
57,Darkwizard,314,414,Wilderness (low)
60,Darkwizard,315,416,Wilderness (low)
57,Darkwizard,316,412,Wilderness (low)
60,Darkwizard,360,572,Karamja
57,Darkwizard,360,2457,Karamja
57,Darkwizard,360,2460,Karamja
60,Darkwizard,361,570,Karamja
57,Darkwizard,361,2459,Karamja
57,Darkwizard,362,571,Karamja
60,Darkwizard,362,1514,Karamja
57,Darkwizard,362,1517,Karamja
60,Darkwizard,362,2458,Karamja
60,Darkwizard,363,571,Karamja
754,David Sinclair,485,403,Wilderness (low)
278,Davon,444,706,Brimhaven
511,DeVinci,92,528,Al Kharid/Desert
507,DeVinci,346,658,Rimmington
99,Deadly Red spider,146,3293,Underground/Dungeon
99,Deadly Red spider,148,3295,Underground/Dungeon
99,Deadly Red spider,150,255,Wilderness (mid)
99,Deadly Red spider,152,3297,Underground/Dungeon
99,Deadly Red spider,154,262,Wilderness (mid)
99,Deadly Red spider,154,3292,Underground/Dungeon
99,Deadly Red spider,157,250,Wilderness (mid)
99,Deadly Red spider,157,3299,Underground/Dungeon
99,Deadly Red spider,161,3297,Underground/Dungeon
99,Deadly Red spider,162,250,Wilderness (mid)
99,Deadly Red spider,165,256,Wilderness (mid)
99,Deadly Red spider,166,262,Wilderness (mid)
99,Deadly Red spider,167,254,Wilderness (mid)
99,Deadly Red spider,167,255,Wilderness (mid)
99,Deadly Red spider,174,248,Wilderness (deep)
99,Deadly Red spider,202,3238,Underground/Dungeon
99,Deadly Red spider,204,3234,Underground/Dungeon
99,Deadly Red spider,204,3237,Underground/Dungeon
99,Deadly Red spider,205,3238,Underground/Dungeon
99,Deadly Red spider,206,3239,Underground/Dungeon
99,Deadly Red spider,207,3236,Underground/Dungeon
99,Deadly Red spider,253,156,Wilderness (deep)
99,Deadly Red spider,256,152,Wilderness (deep)
99,Deadly Red spider,259,159,Wilderness (deep)
99,Deadly Red spider,260,154,Wilderness (deep)
99,Deadly Red spider,404,3521,Underground/Dungeon
99,Deadly Red spider,405,3520,Underground/Dungeon
99,Deadly Red spider,406,3521,Underground/Dungeon
99,Deadly Red spider,407,3525,Underground/Dungeon
99,Deadly Red spider,408,3522,Underground/Dungeon
99,Deadly Red spider,578,3460,Underground/Dungeon
768,Death Wing,439,3721,Underground/Dungeon
768,Death Wing,439,3728,Underground/Dungeon
768,Death Wing,441,3719,Underground/Dungeon
768,Death Wing,444,3725,Underground/Dungeon
768,Death Wing,444,3727,Underground/Dungeon
768,Death Wing,444,3731,Underground/Dungeon
768,Death Wing,444,3733,Underground/Dungeon
768,Death Wing,451,3738,Underground/Dungeon
35,Delrith,111,550,Central Map
721,Desert Wolf,54,753,Southern Map
721,Desert Wolf,70,764,Southern Map
721,Desert Wolf,87,765,Al Kharid
721,Desert Wolf,102,800,Al Kharid
721,Desert Wolf,112,763,Southern Map
721,Desert Wolf,125,801,Southern Map
721,Desert Wolf,135,774,Southern Map
721,Desert Wolf,157,785,Southern Map
721,Desert Wolf,158,801,Southern Map
721,Desert Wolf,180,808,Southern Map
309,Dimintheis,84,523,Al Kharid/Desert
390,Docky,540,703,Southern Map
435,Doctor orbon,578,591,Yanille
173,Dommik,51,675,Al Kharid
236,Donny the lad,268,309,Wilderness (mid)
741,Donovan the Handyman,487,1336,Southern Map
646,Doomion,807,3542,Underground/Dungeon
221,Doorman,113,3537,Underground/Dungeon
221,Doorman,117,3537,Underground/Dungeon
221,Doorman,117,3541,Underground/Dungeon
221,Doorman,118,3537,Underground/Dungeon
144,Doric,325,490,Falador
98,Dr Harlow,83,444,Central Map
196,Dragon,418,3479,Underground/Dungeon
113,Drogo,268,3329,Underground/Dungeon
200,Druid,359,463,Central Map
200,Druid,360,500,Central Map
200,Druid,361,460,Central Map
200,Druid,363,465,Central Map
200,Druid,365,460,Central Map
200,Druid,366,462,Central Map
200,Druid,369,494,Central Map
200,Druid,369,497,Central Map
200,Druid,370,493,Taverly
200,Druid,374,481,Taverly
200,Druid,374,493,Taverly
200,Druid,375,495,Taverly
200,Druid,379,494,Taverly
198,Duke of Lumbridge,130,1601,Southern Map
198,Duke of Lumbridge,320,1490,Southern Map
367,Dungeon Rat,583,3475,Underground/Dungeon
367,Dungeon Rat,583,3476,Underground/Dungeon
367,Dungeon Rat,584,3473,Underground/Dungeon
367,Dungeon Rat,584,3475,Underground/Dungeon
367,Dungeon Rat,584,3476,Underground/Dungeon
367,Dungeon Rat,585,3474,Underground/Dungeon
367,Dungeon Rat,587,3475,Underground/Dungeon
367,Dungeon Rat,588,3474,Underground/Dungeon
367,Dungeon Rat,589,3477,Underground/Dungeon
367,Dungeon Rat,594,3476,Underground/Dungeon
367,Dungeon Rat,694,3549,Underground/Dungeon
367,Dungeon Rat,712,3513,Underground/Dungeon
367,Dungeon Rat,712,3548,Underground/Dungeon
367,Dungeon Rat,715,3506,Underground/Dungeon
94,Dwarf,262,3344,Underground/Dungeon
94,Dwarf,264,3340,Underground/Dungeon
94,Dwarf,264,3349,Underground/Dungeon
94,Dwarf,267,501,Central Map
699,Dwarf,268,486,Central Map
94,Dwarf,268,3344,Underground/Dungeon
94,Dwarf,269,496,Central Map
699,Dwarf,270,485,Central Map
699,Dwarf,272,494,Central Map
699,Dwarf,275,489,Central Map
94,Dwarf,276,3329,Underground/Dungeon
94,Dwarf,279,3330,Underground/Dungeon
94,Dwarf,279,3336,Underground/Dungeon
94,Dwarf,280,492,Falador
94,Dwarf,282,3349,Underground/Dungeon
94,Dwarf,284,3348,Underground/Dungeon
94,Dwarf,286,3347,Underground/Dungeon
94,Dwarf,287,3349,Underground/Dungeon
94,Dwarf,288,3345,Underground/Dungeon
94,Dwarf,289,3347,Underground/Dungeon
94,Dwarf,290,3344,Underground/Dungeon
94,Dwarf,293,3348,Underground/Dungeon
94,Dwarf,360,3422,Underground/Dungeon
94,Dwarf,361,3424,Underground/Dungeon
94,Dwarf,603,780,Yanille
94,Dwarf,612,478,Yanille
94,Dwarf,613,478,Yanille
94,Dwarf,620,776,Southern Map
770,Dwarf Cannon engineer,275,493,Central Map
771,Dwarf commander,605,467,Central Map
143,Dwarven shopkeeper,294,3339,Underground/Dungeon
584,Earth warrior,205,3208,Underground/Dungeon
584,Earth warrior,206,3212,Underground/Dungeon
584,Earth warrior,206,3218,Underground/Dungeon
584,Earth warrior,207,3207,Underground/Dungeon
584,Earth warrior,207,3208,Underground/Dungeon
584,Earth warrior,207,3210,Underground/Dungeon
584,Earth warrior,208,3219,Underground/Dungeon
437,Edmond,620,581,Eastern Map
437,Edmond,625,3417,Underground/Dungeon
483,Elena,605,573,Yanille
465,Elena,637,3449,Underground/Dungeon
755,Elizabeth Sinclair,495,1329,Southern Map
723,Examiner,20,567,Central Map
723,Examiner,20,568,Central Map
723,Examiner,21,567,Central Map
723,Examiner,21,568,Central Map
723,Examiner,22,567,Central Map
229,Fairy Ladder attendant,99,3537,Underground/Dungeon
219,Fairy Lunderwin,106,3545,Underground/Dungeon
223,Fairy Shop Assistant,167,3524,Underground/Dungeon
222,Fairy Shopkeeper,164,3523,Underground/Dungeon
224,Fairy banker,171,3523,Underground/Dungeon
224,Fairy banker,174,3523,Underground/Dungeon
224,Fairy banker,174,3527,Underground/Dungeon
392,Fairy queen,130,3546,Underground/Dungeon
434,Farmer brumty,595,539,Ardougne
235,Fat Tony,269,290,Wilderness (mid)
32,Father Lawrence,100,477,Al Kharid/Desert
774,Fatigue expert,222,761,Southern Map
774,Fatigue expert,224,758,Southern Map
774,Fatigue expert,224,761,Southern Map
774,Fatigue expert,225,761,Southern Map
564,Femi,708,509,Yanille
563,Femi,708,534,Yanille
616,Fernahei,395,837,Karamja
788,Fionella,512,1481,Southern Map
344,Fire Giant,265,2951,Southern Map
344,Fire Giant,270,2948,Southern Map
344,Fire Giant,270,2955,Southern Map
344,Fire Giant,657,3285,Underground/Dungeon
344,Fire Giant,660,3286,Underground/Dungeon
344,Fire Giant,661,3283,Underground/Dungeon
344,Fire Giant,662,3286,Underground/Dungeon
344,Fire Giant,665,3293,Underground/Dungeon
344,Fire Giant,667,3292,Underground/Dungeon
252,Firebird,404,532,Taverly
412,Fisher king,419,34,Wilderness (deep)
414,Fisherman,392,29,Wilderness (deep)
115,Flynn,327,539,Falador
348,Forester,558,475,Ardougne
348,Forester,561,475,Ardougne
348,Forester,565,474,Ardougne
756,Frank Sinclair,495,385,Wilderness (low)
77,Fred the farmer,159,618,Southern Map
530,Frenita,615,750,Yanille
297,Frincos,435,565,Brimhaven
327,Fur trader,549,585,Central Map
228,Gaius,379,501,Taverly
257,Garv,464,682,Brimhaven
152,General Bentnoze,323,447,Central Map
383,General Khazard,615,1661,Yanille
151,General wartface,324,447,Central Map
167,Gerrant,279,647,Port Sarim
714,Gertrude,161,513,Varrock
714,Gertrude,165,512,Varrock
53,Ghost,65,320,Wilderness (mid)
53,Ghost,66,306,Wilderness (mid)
53,Ghost,67,326,Wilderness (mid)
53,Ghost,70,318,Wilderness (mid)
53,Ghost,84,314,Wilderness (mid)
15,Ghost,103,674,Southern Map
53,Ghost,116,3275,Underground/Dungeon
53,Ghost,117,3273,Underground/Dungeon
53,Ghost,118,3274,Underground/Dungeon
80,Ghost,204,1496,Southern Map
80,Ghost,210,1497,Southern Map
80,Ghost,217,1497,Southern Map
80,Ghost,222,1495,Southern Map
80,Ghost,223,1498,Southern Map
53,Ghost,231,288,Wilderness (mid)
53,Ghost,239,297,Wilderness (mid)
53,Ghost,310,284,Wilderness (mid)
53,Ghost,316,278,Wilderness (mid)
53,Ghost,316,285,Wilderness (mid)
53,Ghost,317,276,Wilderness (mid)
53,Ghost,319,277,Wilderness (mid)
53,Ghost,322,282,Wilderness (mid)
53,Ghost,346,1570,Southern Map
53,Ghost,347,1575,Southern Map
53,Ghost,347,1576,Southern Map
178,Ghost,348,1573,Southern Map
53,Ghost,350,3321,Underground/Dungeon
53,Ghost,361,3320,Underground/Dungeon
53,Ghost,370,3319,Underground/Dungeon
664,Ghost,686,654,Eastern Map
664,Ghost,687,658,Eastern Map
664,Ghost,689,655,Eastern Map
664,Ghost,690,659,Eastern Map
664,Ghost,692,656,Eastern Map
61,Giant,65,1639,Southern Map
61,Giant,80,329,Wilderness (mid)
61,Giant,201,3333,Underground/Dungeon
61,Giant,206,3326,Underground/Dungeon
61,Giant,207,3329,Underground/Dungeon
61,Giant,208,3320,Underground/Dungeon
61,Giant,208,3328,Underground/Dungeon
61,Giant,210,3322,Underground/Dungeon
61,Giant,217,184,Wilderness (deep)
61,Giant,222,185,Wilderness (deep)
61,Giant,225,171,Wilderness (deep)
61,Giant,228,182,Wilderness (deep)
61,Giant,268,2964,Southern Map
61,Giant,268,2967,Southern Map
61,Giant,268,2972,Southern Map
61,Giant,269,2969,Southern Map
61,Giant,270,2964,Southern Map
61,Giant,270,2972,Southern Map
61,Giant,588,853,Yanille
61,Giant,593,855,Yanille
61,Giant,619,854,Yanille
61,Giant,629,679,Eastern Map
61,Giant,649,852,Southern Map
61,Giant,662,714,Southern Map
23,Giant Spider,111,640,Lumbridge
23,Giant Spider,120,636,Lumbridge
74,Giant Spider,137,3295,Underground/Dungeon
74,Giant Spider,169,162,Wilderness (deep)
74,Giant Spider,171,160,Wilderness (deep)
23,Giant Spider,173,637,Southern Map
23,Giant Spider,195,567,Central Map
23,Giant Spider,215,3295,Underground/Dungeon
23,Giant Spider,233,554,Central Map
23,Giant Spider,272,299,Wilderness (mid)
74,Giant Spider,302,298,Wilderness (mid)
74,Giant Spider,304,298,Wilderness (mid)
23,Giant Spider,313,309,Wilderness (mid)
74,Giant Spider,316,303,Wilderness (mid)
23,Giant Spider,419,3735,Underground/Dungeon
23,Giant Spider,421,3725,Underground/Dungeon
23,Giant Spider,421,3741,Underground/Dungeon
23,Giant Spider,423,3728,Underground/Dungeon
74,Giant Spider,582,3460,Underground/Dungeon
23,Giant Spider,607,3460,Underground/Dungeon
23,Giant Spider,607,3466,Underground/Dungeon
23,Giant Spider,734,3442,Underground/Dungeon
43,Giant bat,205,105,Wilderness (deep)
43,Giant bat,206,107,Wilderness (deep)
43,Giant bat,208,108,Wilderness (deep)
43,Giant bat,209,109,Wilderness (deep)
43,Giant bat,210,105,Wilderness (deep)
43,Giant bat,210,107,Wilderness (deep)
43,Giant bat,212,116,Wilderness (deep)
43,Giant bat,355,3331,Underground/Dungeon
43,Giant bat,355,3333,Underground/Dungeon
43,Giant bat,357,3333,Underground/Dungeon
43,Giant bat,358,3330,Underground/Dungeon
43,Giant bat,360,3331,Underground/Dungeon
43,Giant bat,473,517,Central Map
43,Giant bat,473,520,Central Map
43,Giant bat,475,519,Central Map
43,Giant bat,509,3393,Underground/Dungeon
43,Giant bat,509,3395,Underground/Dungeon
43,Giant bat,519,3379,Underground/Dungeon
43,Giant bat,520,3371,Underground/Dungeon
43,Giant bat,592,3326,Underground/Dungeon
43,Giant bat,593,3326,Underground/Dungeon
43,Giant bat,593,3596,Underground/Dungeon
43,Giant bat,595,3592,Underground/Dungeon
43,Giant bat,596,3322,Underground/Dungeon
43,Giant bat,596,3324,Underground/Dungeon
43,Giant bat,602,3552,Underground/Dungeon
43,Giant bat,605,3553,Underground/Dungeon
43,Giant bat,612,460,Central Map
43,Giant bat,613,462,Central Map
43,Giant bat,615,461,Central Map
43,Giant bat,627,3591,Underground/Dungeon
43,Giant bat,630,3594,Underground/Dungeon
43,Giant bat,653,3532,Underground/Dungeon
43,Giant bat,664,3290,Underground/Dungeon
43,Giant bat,665,3628,Underground/Dungeon
43,Giant bat,665,3629,Underground/Dungeon
43,Giant bat,666,3630,Underground/Dungeon
43,Giant bat,676,3447,Underground/Dungeon
43,Giant bat,677,3448,Underground/Dungeon
43,Giant bat,689,3437,Underground/Dungeon
43,Giant bat,691,3440,Underground/Dungeon
43,Giant bat,693,3448,Underground/Dungeon
43,Giant bat,709,3434,Underground/Dungeon
43,Giant bat,722,3481,Underground/Dungeon
43,Giant bat,724,3481,Underground/Dungeon
43,Giant bat,724,3482,Underground/Dungeon
43,Giant bat,725,3477,Underground/Dungeon
43,Giant bat,726,3476,Underground/Dungeon
43,Giant bat,726,3481,Underground/Dungeon
43,Giant bat,727,3479,Underground/Dungeon
43,Giant bat,727,3481,Underground/Dungeon
43,Giant bat,728,656,Eastern Map
43,Giant bat,729,663,Eastern Map
43,Giant bat,730,653,Eastern Map
43,Giant bat,730,3475,Underground/Dungeon
43,Giant bat,731,658,Eastern Map
43,Giant bat,733,664,Eastern Map
43,Giant bat,734,656,Eastern Map
43,Giant bat,734,3475,Underground/Dungeon
43,Giant bat,735,651,Eastern Map
43,Giant bat,736,657,Eastern Map
43,Giant bat,736,3474,Underground/Dungeon
43,Giant bat,736,3479,Underground/Dungeon
43,Giant bat,737,578,Eastern Map
43,Giant bat,737,652,Eastern Map
43,Giant bat,738,584,Eastern Map
43,Giant bat,740,664,Eastern Map
43,Giant bat,740,3475,Underground/Dungeon
43,Giant bat,740,3479,Underground/Dungeon
43,Giant bat,741,579,Eastern Map
43,Giant bat,741,586,Eastern Map
43,Giant bat,742,3481,Underground/Dungeon
43,Giant bat,743,658,Eastern Map
43,Giant bat,743,669,Eastern Map
43,Giant bat,746,3477,Underground/Dungeon
43,Giant bat,747,3480,Underground/Dungeon
43,Giant bat,748,3474,Underground/Dungeon
43,Giant bat,750,3489,Underground/Dungeon
43,Giant bat,752,3477,Underground/Dungeon
43,Giant bat,758,618,Eastern Map
43,Giant bat,758,623,Eastern Map
43,Giant bat,759,3477,Underground/Dungeon
43,Giant bat,760,3474,Underground/Dungeon
43,Giant bat,762,614,Eastern Map
43,Giant bat,762,620,Eastern Map
43,Giant bat,763,3474,Underground/Dungeon
43,Giant bat,763,3476,Underground/Dungeon
43,Giant bat,765,3474,Underground/Dungeon
225,Giles,229,631,Southern Map
547,Glough,714,1424,Southern Map
597,Gnome Baller,731,446,Central Map
599,Gnome Baller,731,454,Central Map
598,Gnome Baller,733,450,Central Map
602,Gnome Baller,734,454,Central Map
600,Gnome Baller,735,448,Central Map
595,Gnome Baller,735,451,Central Map
604,Gnome Baller,737,451,Central Map
603,Gnome Baller,740,446,Central Map
609,Gnome Baller,741,443,Central Map
605,Gnome Baller,741,446,Central Map
608,Gnome Baller,741,455,Central Map
610,Gnome Baller,741,456,Central Map
606,Gnome Baller,742,449,Central Map
607,Gnome Baller,742,452,Central Map
579,Gnome Trainer,681,500,Yanille
576,Gnome Trainer,682,492,Yanille
579,Gnome Trainer,685,500,Yanille
579,Gnome Trainer,687,502,Yanille
577,Gnome Trainer,689,504,Yanille
578,Gnome Trainer,690,1450,Southern Map
578,Gnome Trainer,694,1451,Southern Map
576,Gnome Trainer,696,492,Yanille
577,Gnome Trainer,696,502,Yanille
540,Gnome banker,713,1453,Southern Map
540,Gnome banker,715,1400,Southern Map
540,Gnome banker,715,1453,Southern Map
540,Gnome banker,717,1400,Southern Map
540,Gnome banker,717,1401,Southern Map
540,Gnome banker,717,1402,Southern Map
585,Gnome child,674,511,Yanille
585,Gnome child,675,500,Yanille
585,Gnome child,681,498,Yanille
585,Gnome child,682,525,Yanille
586,Gnome child,682,1390,Southern Map
586,Gnome child,683,1388,Southern Map
586,Gnome child,684,1401,Southern Map
585,Gnome child,685,515,Yanille
586,Gnome child,685,1389,Southern Map
585,Gnome child,689,488,Yanille
586,Gnome child,691,1412,Southern Map
586,Gnome child,693,1396,Southern Map
585,Gnome child,698,499,Yanille
585,Gnome child,701,487,Yanille
585,Gnome child,704,499,Yanille
585,Gnome child,704,528,Yanille
585,Gnome child,707,508,Yanille
585,Gnome child,710,480,Yanille
591,Gnome child,711,1391,Southern Map
586,Gnome child,715,1382,Southern Map
586,Gnome child,715,1402,Southern Map
586,Gnome child,715,1409,Southern Map
591,Gnome child,716,1387,Southern Map
586,Gnome child,716,1411,Southern Map
585,Gnome child,720,514,Yanille
585,Gnome child,727,487,Yanille
585,Gnome child,728,497,Yanille
585,Gnome child,731,508,Yanille
585,Gnome child,735,480,Yanille
585,Gnome child,746,494,Yanille
585,Gnome child,748,519,Yanille
585,Gnome child,749,506,Yanille
591,Gnome child,749,1382,Southern Map
551,Gnome guard,417,2994,Karamja
582,Gnome guard,690,2338,Southern Map
551,Gnome guard,699,454,Central Map
562,Gnome guard,700,526,Yanille
551,Gnome guard,701,455,Central Map
562,Gnome guard,701,467,Central Map
582,Gnome guard,703,2327,Southern Map
582,Gnome guard,703,2346,Southern Map
562,Gnome guard,704,526,Yanille
562,Gnome guard,705,465,Central Map
582,Gnome guard,711,2338,Southern Map
593,Gnome local,674,484,Yanille
592,Gnome local,677,486,Yanille
592,Gnome local,679,512,Yanille
593,Gnome local,680,1413,Southern Map
592,Gnome local,683,1401,Southern Map
593,Gnome local,684,486,Yanille
593,Gnome local,684,491,Yanille
593,Gnome local,684,1402,Southern Map
592,Gnome local,689,513,Yanille
592,Gnome local,690,513,Yanille
592,Gnome local,690,1380,Southern Map
592,Gnome local,690,1388,Southern Map
592,Gnome local,690,1390,Southern Map
593,Gnome local,691,1410,Southern Map
592,Gnome local,691,1411,Southern Map
593,Gnome local,694,1402,Southern Map
593,Gnome local,695,529,Yanille
592,Gnome local,696,1394,Southern Map
593,Gnome local,697,529,Yanille
592,Gnome local,698,516,Yanille
593,Gnome local,701,496,Yanille
592,Gnome local,702,488,Yanille
592,Gnome local,702,497,Yanille
593,Gnome local,702,509,Yanille
593,Gnome local,702,519,Yanille
593,Gnome local,706,526,Yanille
593,Gnome local,710,503,Yanille
593,Gnome local,711,529,Yanille
592,Gnome local,714,514,Yanille
593,Gnome local,716,484,Yanille
593,Gnome local,720,509,Yanille
592,Gnome local,721,1388,Southern Map
592,Gnome local,722,1387,Southern Map
593,Gnome local,723,489,Yanille
592,Gnome local,725,522,Yanille
593,Gnome local,725,1389,Southern Map
592,Gnome local,728,519,Yanille
592,Gnome local,731,494,Yanille
593,Gnome local,733,516,Yanille
592,Gnome local,733,518,Yanille
592,Gnome local,734,512,Yanille
592,Gnome local,736,487,Yanille
593,Gnome local,736,517,Yanille
593,Gnome local,742,1404,Southern Map
592,Gnome local,743,495,Yanille
592,Gnome local,743,523,Yanille
593,Gnome local,743,528,Yanille
592,Gnome local,743,1406,Southern Map
593,Gnome local,744,1382,Southern Map
593,Gnome local,745,502,Yanille
592,Gnome local,745,517,Yanille
592,Gnome local,746,510,Yanille
593,Gnome local,746,525,Yanille
592,Gnome local,746,1381,Southern Map
593,Gnome local,748,520,Yanille
592,Gnome local,750,480,Yanille
592,Gnome local,750,481,Yanille
592,Gnome local,751,1381,Southern Map
570,Gnome pilot,58,503,Al Kharid/Desert
571,Gnome pilot,88,661,Al Kharid
569,Gnome pilot,390,754,Karamja
572,Gnome pilot,402,461,Central Map
552,Gnome pilot,414,2996,Karamja
556,Gnome pilot,425,764,Brimhaven
581,Gnome waiter,714,1387,Southern Map
581,Gnome waiter,724,1387,Southern Map
596,Goalie,728,450,Central Map
62,Goblin,96,664,Al Kharid
62,Goblin,98,662,Al Kharid
62,Goblin,99,654,Southern Map
62,Goblin,100,633,Southern Map
4,Goblin,101,572,Central Map
62,Goblin,103,630,Southern Map
62,Goblin,103,636,Southern Map
62,Goblin,104,644,Southern Map
62,Goblin,105,646,Southern Map
62,Goblin,105,651,Southern Map
62,Goblin,110,630,Lumbridge
62,Goblin,112,640,Lumbridge
62,Goblin,113,631,Lumbridge
62,Goblin,114,630,Lumbridge
62,Goblin,115,629,Lumbridge
62,Goblin,115,632,Lumbridge
62,Goblin,116,629,Lumbridge
62,Goblin,116,632,Lumbridge
62,Goblin,116,637,Lumbridge
62,Goblin,119,632,Lumbridge
62,Goblin,120,625,Lumbridge
62,Goblin,124,664,Lumbridge
62,Goblin,129,629,Lumbridge
62,Goblin,140,635,Lumbridge
4,Goblin,162,672,Southern Map
4,Goblin,170,616,Southern Map
4,Goblin,177,654,Southern Map
4,Goblin,187,605,Southern Map
4,Goblin,191,669,Southern Map
4,Goblin,204,500,Central Map
4,Goblin,206,497,Central Map
62,Goblin,208,589,Central Map
62,Goblin,213,617,Southern Map
62,Goblin,291,666,Port Sarim
62,Goblin,294,666,Port Sarim
62,Goblin,295,671,Port Sarim
62,Goblin,297,662,Port Sarim
154,Goblin,313,453,Dwarven Mine
154,Goblin,314,443,Dwarven Mine
154,Goblin,318,452,Dwarven Mine
153,Goblin,318,455,Dwarven Mine
153,Goblin,319,446,Dwarven Mine
153,Goblin,322,440,Central Map
154,Goblin,325,458,Central Map
154,Goblin,327,449,Central Map
154,Goblin,329,443,Central Map
153,Goblin,332,448,Central Map
154,Goblin,332,456,Central Map
153,Goblin,333,456,Central Map
4,Goblin,354,508,Central Map
4,Goblin,361,506,Central Map
4,Goblin,442,800,Brimhaven
4,Goblin,573,521,Ardougne
4,Goblin,573,524,Ardougne
4,Goblin,576,527,Ardougne
4,Goblin,576,819,Southern Map
4,Goblin,577,522,Ardougne
4,Goblin,577,525,Ardougne
4,Goblin,577,3478,Underground/Dungeon
4,Goblin,577,3479,Underground/Dungeon
4,Goblin,577,3483,Underground/Dungeon
4,Goblin,578,827,Southern Map
4,Goblin,579,527,Ardougne
4,Goblin,580,526,Ardougne
62,Goblin,580,3457,Underground/Dungeon
4,Goblin,580,3477,Underground/Dungeon
4,Goblin,581,528,Ardougne
4,Goblin,581,3463,Underground/Dungeon
4,Goblin,581,3484,Underground/Dungeon
4,Goblin,583,834,Yanille
4,Goblin,583,3339,Underground/Dungeon
4,Goblin,583,3343,Underground/Dungeon
4,Goblin,584,3344,Underground/Dungeon
4,Goblin,584,3481,Underground/Dungeon
4,Goblin,585,3479,Underground/Dungeon
4,Goblin,586,3478,Underground/Dungeon
4,Goblin,588,836,Yanille
4,Goblin,588,3339,Underground/Dungeon
4,Goblin,588,3478,Underground/Dungeon
4,Goblin,589,830,Yanille
4,Goblin,591,528,Ardougne
4,Goblin,592,3337,Underground/Dungeon
4,Goblin,594,3334,Underground/Dungeon
4,Goblin,595,3334,Underground/Dungeon
4,Goblin,596,3331,Underground/Dungeon
4,Goblin,602,525,Yanille
4,Goblin,605,499,Yanille
62,Goblin,605,3323,Underground/Dungeon
62,Goblin,607,3323,Underground/Dungeon
62,Goblin,607,3326,Underground/Dungeon
62,Goblin,608,3324,Underground/Dungeon
4,Goblin,609,505,Yanille
4,Goblin,610,518,Yanille
4,Goblin,613,513,Yanille
4,Goblin,615,506,Yanille
4,Goblin,616,511,Yanille
62,Goblin,616,3316,Underground/Dungeon
62,Goblin,616,3317,Underground/Dungeon
62,Goblin,616,3318,Underground/Dungeon
62,Goblin,616,3319,Underground/Dungeon
4,Goblin,617,503,Yanille
4,Goblin,618,497,Yanille
4,Goblin,618,506,Yanille
4,Goblin,618,514,Yanille
4,Goblin,618,3317,Underground/Dungeon
4,Goblin,618,3318,Underground/Dungeon
4,Goblin,618,3319,Underground/Dungeon
4,Goblin,619,503,Yanille
4,Goblin,619,3316,Underground/Dungeon
4,Goblin,619,3317,Underground/Dungeon
4,Goblin,619,3318,Underground/Dungeon
4,Goblin,619,3319,Underground/Dungeon
4,Goblin,620,493,Yanille
4,Goblin,620,497,Yanille
4,Goblin,620,3315,Underground/Dungeon
4,Goblin,623,502,Yanille
4,Goblin,627,679,Eastern Map
4,Goblin,627,705,Southern Map
4,Goblin,627,710,Southern Map
4,Goblin,631,677,Eastern Map
4,Goblin,631,693,Southern Map
4,Goblin,631,714,Southern Map
4,Goblin,631,718,Southern Map
4,Goblin,633,675,Eastern Map
4,Goblin,633,714,Southern Map
4,Goblin,635,718,Southern Map
4,Goblin,637,681,Southern Map
4,Goblin,639,710,Southern Map
4,Goblin,640,682,Southern Map
4,Goblin,641,714,Southern Map
4,Goblin,642,675,Eastern Map
4,Goblin,645,683,Southern Map
4,Goblin,652,708,Southern Map
4,Goblin,653,708,Southern Map
4,Goblin,658,683,Southern Map
4,Goblin,660,681,Southern Map
4,Goblin,660,708,Southern Map
4,Goblin,662,681,Southern Map
4,Goblin,662,708,Southern Map
4,Goblin,663,675,Eastern Map
4,Goblin,663,687,Southern Map
4,Goblin,664,703,Southern Map
4,Goblin,666,675,Eastern Map
4,Goblin,668,718,Southern Map
4,Goblin,675,3506,Underground/Dungeon
660,Goblin,675,3540,Underground/Dungeon
660,Goblin,677,3511,Underground/Dungeon
4,Goblin,678,3522,Underground/Dungeon
660,Goblin,681,3527,Underground/Dungeon
660,Goblin,681,3536,Underground/Dungeon
660,Goblin,682,3515,Underground/Dungeon
4,Goblin,685,3513,Underground/Dungeon
660,Goblin,686,3507,Underground/Dungeon
660,Goblin,688,3538,Underground/Dungeon
62,Goblin,691,686,Southern Map
62,Goblin,695,675,Eastern Map
4,Goblin,695,3537,Underground/Dungeon
62,Goblin,698,681,Southern Map
4,Goblin,698,3512,Underground/Dungeon
660,Goblin,699,3507,Underground/Dungeon
62,Goblin,701,673,Eastern Map
62,Goblin,702,683,Southern Map
62,Goblin,703,685,Southern Map
660,Goblin,703,3511,Underground/Dungeon
660,Goblin,704,3544,Underground/Dungeon
660,Goblin,705,3506,Underground/Dungeon
660,Goblin,705,3550,Underground/Dungeon
62,Goblin,706,687,Southern Map
660,Goblin,706,3523,Underground/Dungeon
4,Goblin,708,3430,Underground/Dungeon
4,Goblin,708,3434,Underground/Dungeon
660,Goblin,709,3516,Underground/Dungeon
4,Goblin,711,3431,Underground/Dungeon
660,Goblin,713,3506,Underground/Dungeon
660,Goblin,714,3529,Underground/Dungeon
4,Goblin,715,3430,Underground/Dungeon
660,Goblin,716,3521,Underground/Dungeon
660,Goblin,716,3533,Underground/Dungeon
660,Goblin,717,3512,Underground/Dungeon
4,Goblin,721,567,Eastern Map
4,Goblin,722,570,Eastern Map
4,Goblin,727,569,Eastern Map
4,Goblin,731,564,Eastern Map
4,Goblin,733,571,Eastern Map
4,Goblin,737,564,Eastern Map
4,Goblin,742,569,Eastern Map
4,Goblin,743,566,Eastern Map
4,Goblin,743,3461,Underground/Dungeon
4,Goblin,744,3464,Underground/Dungeon
4,Goblin,745,3462,Underground/Dungeon
4,Goblin,745,3463,Underground/Dungeon
4,Goblin,748,482,Yanille
4,Goblin,748,569,Eastern Map
4,Goblin,750,490,Yanille
4,Goblin,750,3461,Underground/Dungeon
4,Goblin,760,490,Yanille
4,Goblin,762,487,Yanille
4,Goblin,767,511,Yanille
651,Goblin guard,690,3512,Underground/Dungeon
683,Gorad,607,794,Yanille
345,Grandpa Jack,560,485,Ardougne
345,Grandpa Jack,583,624,Yanille
184,Greater Demon,82,159,Wilderness (deep)
184,Greater Demon,82,162,Wilderness (deep)
184,Greater Demon,253,3012,Southern Map
184,Greater Demon,257,3005,Southern Map
184,Greater Demon,260,3015,Southern Map
184,Greater Demon,289,3430,Underground/Dungeon
184,Greater Demon,290,3430,Underground/Dungeon
184,Greater Demon,412,3392,Underground/Dungeon
184,Greater Demon,413,3390,Underground/Dungeon
184,Greater Demon,413,3394,Underground/Dungeon
109,Greldo,281,1378,Southern Map
681,Grew,663,759,Southern Map
243,Grey wolf,110,128,Wilderness (deep)
243,Grey wolf,121,130,Wilderness (deep)
243,Grey wolf,133,126,Wilderness (deep)
243,Grey wolf,140,131,Wilderness (deep)
243,Grey wolf,295,130,Wilderness (deep)
243,Grey wolf,296,129,Wilderness (deep)
243,Grey wolf,296,130,Wilderness (deep)
243,Grey wolf,296,132,Wilderness (deep)
243,Grey wolf,300,134,Wilderness (deep)
243,Grey wolf,301,134,Wilderness (deep)
243,Grey wolf,303,133,Wilderness (deep)
243,Grey wolf,303,135,Wilderness (deep)
243,Grey wolf,584,610,Yanille
243,Grey wolf,585,853,Yanille
243,Grey wolf,595,856,Yanille
243,Grey wolf,611,853,Yanille
243,Grey wolf,619,851,Yanille
243,Grey wolf,659,852,Southern Map
243,Grey wolf,662,853,Southern Map
243,Grey wolf,664,846,Southern Map
243,Grey wolf,667,851,Southern Map
243,Grey wolf,712,570,Eastern Map
243,Grey wolf,713,569,Eastern Map
243,Grey wolf,714,563,Eastern Map
243,Grey wolf,716,567,Eastern Map
243,Grey wolf,725,566,Eastern Map
243,Grey wolf,728,565,Eastern Map
243,Grey wolf,742,566,Eastern Map
243,Grey wolf,757,559,Yanille
243,Grey wolf,759,567,Eastern Map
259,Grip,463,677,Brimhaven
255,Grubor,437,695,Brimhaven
157,Grum,279,632,Port Sarim
65,Guard,87,507,Al Kharid/Desert
65,Guard,87,514,Al Kharid/Desert
65,Guard,89,508,Al Kharid/Desert
65,Guard,91,509,Al Kharid/Desert
503,Guard,94,521,Al Kharid/Desert
65,Guard,109,464,Central Map
65,Guard,113,463,Central Map
65,Guard,128,483,Varrock
65,Guard,131,536,Central Map
65,Guard,133,483,Varrock
65,Guard,134,537,Central Map
65,Guard,136,484,Varrock
65,Guard,138,1397,Southern Map
65,Guard,140,1395,Southern Map
65,Guard,140,1406,Southern Map
65,Guard,141,456,Central Map
65,Guard,142,1400,Southern Map
65,Guard,145,507,Varrock
65,Guard,149,507,Varrock
65,Guard,152,507,Varrock
65,Guard,155,508,Varrock
65,Guard,202,438,Wilderness (low)
65,Guard,203,433,Wilderness (low)
65,Guard,206,435,Wilderness (low)
65,Guard,206,436,Wilderness (low)
100,Guard,266,438,Wilderness (low)
100,Guard,266,442,Central Map
100,Guard,267,440,Central Map
100,Guard,272,437,Wilderness (low)
100,Guard,272,440,Central Map
100,Guard,272,1384,Southern Map
100,Guard,273,1382,Southern Map
65,Guard,290,579,Port Sarim
65,Guard,291,580,Port Sarim
65,Guard,312,539,Falador
65,Guard,314,521,Falador
65,Guard,315,538,Falador
65,Guard,315,541,Falador
65,Guard,316,521,Falador
65,Guard,326,546,Falador
747,Guard,482,402,Wilderness (low)
747,Guard,488,411,Wilderness (low)
747,Guard,495,418,Wilderness (low)
747,Guard,496,399,Wilderness (low)
321,Guard,532,595,Central Map
321,Guard,546,598,Central Map
321,Guard,548,588,Central Map
321,Guard,548,595,Central Map
321,Guard,549,591,Central Map
321,Guard,563,567,Central Map
321,Guard,564,595,Central Map
321,Guard,565,569,Central Map
321,Guard,568,597,Central Map
376,Guard,588,703,Yanille
376,Guard,590,701,Yanille
376,Guard,591,707,Yanille
376,Guard,595,701,Yanille
376,Guard,596,717,Yanille
375,Guard,602,680,Yanille
376,Guard,604,688,Yanille
373,Guard,604,717,Yanille
376,Guard,605,682,Yanille
376,Guard,605,694,Yanille
376,Guard,607,689,Yanille
376,Guard,611,687,Yanille
376,Guard,611,689,Yanille
376,Guard,612,679,Eastern Map
376,Guard,612,688,Yanille
376,Guard,614,686,Yanille
376,Guard,615,686,Yanille
385,Guard,616,713,Yanille
376,Guard,617,675,Eastern Map
376,Guard,617,688,Yanille
374,Guard,621,701,Southern Map
526,Guard,657,533,Yanille
527,Guard,661,543,Yanille
524,Guard,662,552,Yanille
262,Guard Dog,455,677,Brimhaven
262,Guard Dog,457,680,Brimhaven
262,Guard Dog,458,676,Brimhaven
748,Guard Dog,482,385,Wilderness (low)
262,Guard Dog,547,455,Central Map
262,Guard Dog,548,470,Ardougne
262,Guard Dog,566,438,Wilderness (low)
262,Guard Dog,569,472,Ardougne
262,Guard Dog,570,581,Yanille
262,Guard Dog,570,583,Yanille
262,Guard Dog,570,587,Yanille
262,Guard Dog,571,580,Yanille
262,Guard Dog,571,584,Yanille
262,Guard Dog,572,579,Yanille
726,Guide,6,541,Central Map
726,Guide,7,541,Central Map
726,Guide,8,541,Central Map
726,Guide,9,541,Central Map
476,Guide,217,746,Southern Map
476,Guide,218,747,Southern Map
476,Guide,219,743,Southern Map
508,Guidor,82,534,Central Map
488,Guidor's wife,84,534,Central Map
111,Guildmaster,149,557,Central Map
587,Gulluck,691,1379,Southern Map
792,Gundai,452,3376,Underground/Dungeon
588,Gunnjorn,489,555,Central Map
78,Gunthor the Brave,233,499,Central Map
14,Gypsy,136,511,Varrock
5,Hans,137,651,Lumbridge
250,Harry,418,487,Central Map
119,Hassan,70,697,Al Kharid/Desert
546,Hazelmere,532,754,Southern Map
352,Head Thief,620,3497,Underground/Dungeon
133,Head chef,178,484,Varrock
469,Head mourner,629,595,Eastern Map
513,Head wizard,597,756,Yanille
535,Heckel funch,685,1402,Southern Map
269,Helemos,372,438,Wilderness (low)
294,Hellhound,388,3326,Underground/Dungeon
294,Hellhound,391,3316,Underground/Dungeon
294,Hellhound,394,3314,Underground/Dungeon
294,Hellhound,395,3329,Underground/Dungeon
294,Hellhound,506,3428,Underground/Dungeon
324,Hero,548,599,Central Map
155,Herquin,332,567,Rimmington
148,Hetty,317,667,Rimmington
289,Hickton,427,489,Central Map
395,High priest of entrana,406,562,Karamja
89,Highwayman,198,604,Southern Map
89,Highwayman,299,609,Port Sarim
89,Highwayman,486,431,Wilderness (low)
743,Hobbes the Butler,494,390,Wilderness (low)
67,Hobgoblin,64,1642,Southern Map
67,Hobgoblin,200,3298,Underground/Dungeon
67,Hobgoblin,205,3299,Underground/Dungeon
67,Hobgoblin,206,3294,Underground/Dungeon
67,Hobgoblin,207,3313,Underground/Dungeon
67,Hobgoblin,209,3312,Underground/Dungeon
67,Hobgoblin,217,255,Wilderness (mid)
67,Hobgoblin,219,252,Wilderness (mid)
67,Hobgoblin,220,257,Wilderness (mid)
67,Hobgoblin,221,255,Wilderness (mid)
67,Hobgoblin,221,259,Wilderness (mid)
67,Hobgoblin,222,246,Wilderness (deep)
67,Hobgoblin,223,251,Wilderness (mid)
67,Hobgoblin,224,253,Wilderness (mid)
67,Hobgoblin,224,255,Wilderness (mid)
67,Hobgoblin,226,246,Wilderness (deep)
67,Hobgoblin,226,251,Wilderness (mid)
67,Hobgoblin,228,251,Wilderness (mid)
67,Hobgoblin,228,255,Wilderness (mid)
67,Hobgoblin,230,248,Wilderness (deep)
67,Hobgoblin,231,245,Wilderness (deep)
67,Hobgoblin,231,251,Wilderness (mid)
67,Hobgoblin,290,3513,Underground/Dungeon
67,Hobgoblin,292,3514,Underground/Dungeon
67,Hobgoblin,292,3523,Underground/Dungeon
67,Hobgoblin,294,3523,Underground/Dungeon
67,Hobgoblin,359,614,Karamja
67,Hobgoblin,362,611,Karamja
67,Hobgoblin,363,603,Karamja
67,Hobgoblin,363,611,Karamja
67,Hobgoblin,364,605,Karamja
67,Hobgoblin,365,604,Karamja
67,Hobgoblin,366,605,Karamja
67,Hobgoblin,414,606,Karamja
67,Hobgoblin,422,608,Brimhaven
67,Hobgoblin,429,618,Brimhaven
67,Hobgoblin,450,802,Brimhaven
67,Hobgoblin,466,763,Brimhaven
311,Hobgoblin,521,3433,Underground/Dungeon
311,Hobgoblin,523,3433,Underground/Dungeon
311,Hobgoblin,523,3434,Underground/Dungeon
67,Hobgoblin,647,3534,Underground/Dungeon
67,Hobgoblin,648,3540,Underground/Dungeon
67,Hobgoblin,656,3540,Underground/Dungeon
67,Hobgoblin,658,3535,Underground/Dungeon
67,Hobgoblin,663,3531,Underground/Dungeon
67,Hobgoblin,663,3534,Underground/Dungeon
67,Hobgoblin,666,3534,Underground/Dungeon
457,Holgart,493,615,Southern Map
458,Holgart,512,638,Southern Map
456,Holgart,516,612,Southern Map
647,Holthion,807,3529,Underground/Dungeon
510,Hops,93,529,Al Kharid/Desert
506,Hops,344,657,Rimmington
335,Horacio,560,579,Central Map
48,Horvik the Armourer,116,503,Varrock
537,Hudo glenfad,716,1380,Southern Map
649,Iban,804,3469,Underground/Dungeon
658,Iban disciple,740,624,Eastern Map
658,Iban disciple,776,3456,Underground/Dungeon
658,Iban disciple,776,3482,Underground/Dungeon
658,Iban disciple,778,3482,Underground/Dungeon
658,Iban disciple,779,3455,Underground/Dungeon
658,Iban disciple,785,3469,Underground/Dungeon
658,Iban disciple,786,3469,Underground/Dungeon
658,Iban disciple,787,3469,Underground/Dungeon
658,Iban disciple,788,3468,Underground/Dungeon
658,Iban disciple,788,3470,Underground/Dungeon
658,Iban disciple,789,3465,Underground/Dungeon
658,Iban disciple,789,3468,Underground/Dungeon
658,Iban disciple,792,3460,Underground/Dungeon
658,Iban disciple,792,3468,Underground/Dungeon
658,Iban disciple,792,3474,Underground/Dungeon
658,Iban disciple,792,3477,Underground/Dungeon
658,Iban disciple,793,3477,Underground/Dungeon
658,Iban disciple,795,3461,Underground/Dungeon
658,Iban disciple,795,3463,Underground/Dungeon
658,Iban disciple,796,3476,Underground/Dungeon
658,Iban disciple,802,3461,Underground/Dungeon
658,Iban disciple,803,3479,Underground/Dungeon
658,Iban disciple,804,3475,Underground/Dungeon
658,Iban disciple,805,3464,Underground/Dungeon
135,Ice Giant,310,3521,Underground/Dungeon
135,Ice Giant,311,3524,Underground/Dungeon
135,Ice Giant,328,148,Wilderness (deep)
135,Ice Giant,331,129,Wilderness (deep)
135,Ice Giant,331,146,Wilderness (deep)
135,Ice Giant,334,134,Wilderness (deep)
135,Ice Giant,335,148,Wilderness (deep)
135,Ice Giant,421,448,Central Map
135,Ice Giant,425,446,Central Map
254,Ice queen,395,3272,Underground/Dungeon
263,Ice spider,320,126,Wilderness (deep)
263,Ice spider,324,130,Wilderness (deep)
263,Ice spider,324,138,Wilderness (deep)
263,Ice spider,325,127,Wilderness (deep)
263,Ice spider,325,132,Wilderness (deep)
263,Ice spider,325,134,Wilderness (deep)
263,Ice spider,398,3284,Underground/Dungeon
263,Ice spider,399,3280,Underground/Dungeon
263,Ice spider,402,3276,Underground/Dungeon
263,Ice spider,405,3279,Underground/Dungeon
263,Ice spider,405,3284,Underground/Dungeon
263,Ice spider,409,3276,Underground/Dungeon
263,Ice spider,411,3282,Underground/Dungeon
263,Ice spider,542,3349,Underground/Dungeon
263,Ice spider,543,3351,Underground/Dungeon
263,Ice spider,547,3350,Underground/Dungeon
263,Ice spider,552,3355,Underground/Dungeon
263,Ice spider,562,3352,Underground/Dungeon
263,Ice spider,562,3356,Underground/Dungeon
158,Ice warrior,301,3519,Underground/Dungeon
158,Ice warrior,302,3516,Underground/Dungeon
158,Ice warrior,306,3517,Underground/Dungeon
158,Ice warrior,306,3521,Underground/Dungeon
158,Ice warrior,328,126,Wilderness (deep)
158,Ice warrior,329,136,Wilderness (deep)
158,Ice warrior,329,155,Wilderness (deep)
158,Ice warrior,330,137,Wilderness (deep)
158,Ice warrior,330,154,Wilderness (deep)
158,Ice warrior,331,158,Wilderness (deep)
158,Ice warrior,332,135,Wilderness (deep)
158,Ice warrior,333,125,Wilderness (deep)
158,Ice warrior,333,157,Wilderness (deep)
158,Ice warrior,334,127,Wilderness (deep)
158,Ice warrior,334,153,Wilderness (deep)
158,Ice warrior,334,154,Wilderness (deep)
158,Ice warrior,406,3271,Underground/Dungeon
158,Ice warrior,410,3265,Underground/Dungeon
158,Ice warrior,410,3268,Underground/Dungeon
158,Ice warrior,412,432,Wilderness (low)
158,Ice warrior,415,3274,Underground/Dungeon
158,Ice warrior,417,3281,Underground/Dungeon
158,Ice warrior,418,3266,Underground/Dungeon
158,Ice warrior,418,3268,Underground/Dungeon
158,Ice warrior,420,3284,Underground/Dungeon
158,Ice warrior,421,432,Wilderness (low)
158,Ice warrior,424,3275,Underground/Dungeon
114,Imp,69,608,Southern Map
114,Imp,97,438,Wilderness (low)
114,Imp,110,530,Central Map
114,Imp,114,447,Central Map
114,Imp,127,660,Lumbridge
114,Imp,130,451,Central Map
114,Imp,142,477,Varrock
114,Imp,154,522,Varrock
114,Imp,200,457,Central Map
114,Imp,225,451,Edgeville
114,Imp,230,479,Central Map
114,Imp,235,447,Edgeville
114,Imp,237,631,Southern Map
114,Imp,310,548,Falador
114,Imp,323,566,Rimmington
114,Imp,408,687,Karamja
114,Imp,414,687,Karamja
114,Imp,419,700,Karamja
114,Imp,422,689,Brimhaven
114,Imp,425,707,Brimhaven
538,Irena,64,738,Southern Map
218,Irksol,107,3541,Underground/Dungeon
761,Irvig Senay,404,3709,Underground/Dungeon
761,Irvig Senay,405,3699,Underground/Dungeon
761,Irvig Senay,405,3704,Underground/Dungeon
761,Irvig Senay,408,3712,Underground/Dungeon
265,Jailer,360,3426,Underground/Dungeon
127,Jailguard,192,634,Southern Map
127,Jailguard,193,632,Southern Map
127,Jailguard,196,632,Southern Map
127,Jailguard,199,635,Southern Map
220,Jakut,113,3546,Underground/Dungeon
230,Jatix,369,506,Central Map
377,Jeremy Servil,605,715,Yanille
377,Jeremy Servil,613,709,Yanille
486,Jerico,580,586,Yanille
443,Jethick,634,589,Eastern Map
522,Jiminua,459,754,Brimhaven
121,Joe,196,640,Southern Map
523,Jogre,337,800,Southern Map
523,Jogre,337,817,Southern Map
523,Jogre,350,801,Karamja
523,Jogre,352,843,Karamja
523,Jogre,360,845,Karamja
523,Jogre,366,761,Karamja
523,Jogre,369,766,Karamja
523,Jogre,374,774,Karamja
523,Jogre,414,3577,Underground/Dungeon
523,Jogre,419,3575,Underground/Dungeon
523,Jogre,420,764,Brimhaven
523,Jogre,422,3587,Underground/Dungeon
523,Jogre,423,3580,Underground/Dungeon
523,Jogre,432,816,Brimhaven
523,Jogre,440,816,Brimhaven
523,Jogre,440,833,Brimhaven
523,Jogre,459,815,Brimhaven
523,Jogre,461,861,Brimhaven
523,Jogre,462,861,Brimhaven
523,Jogre,473,819,Southern Map
523,Jogre,476,865,Southern Map
25,Jonny the beard,121,525,Varrock
354,Joshua,570,503,Ardougne
31,Juliet,168,500,Varrock
617,Jungle Banker,400,853,Karamja
617,Jungle Banker,401,851,Karamja
617,Jungle Banker,402,849,Karamja
765,Jungle Forester,397,865,Karamja
765,Jungle Forester,424,863,Brimhaven
765,Jungle Forester,459,863,Brimhaven
776,Jungle Savage,404,877,Karamja
776,Jungle Savage,451,888,Brimhaven
521,Jungle Spider,336,817,Southern Map
521,Jungle Spider,337,832,Southern Map
521,Jungle Spider,342,814,Southern Map
521,Jungle Spider,343,793,Southern Map
521,Jungle Spider,344,793,Southern Map
521,Jungle Spider,346,881,Southern Map
521,Jungle Spider,353,828,Karamja
521,Jungle Spider,358,816,Karamja
521,Jungle Spider,366,877,Karamja
521,Jungle Spider,370,796,Karamja
521,Jungle Spider,374,782,Karamja
521,Jungle Spider,377,771,Karamja
521,Jungle Spider,381,820,Karamja
521,Jungle Spider,381,896,Karamja
521,Jungle Spider,385,784,Karamja
521,Jungle Spider,392,880,Karamja
521,Jungle Spider,393,882,Karamja
521,Jungle Spider,396,764,Karamja
521,Jungle Spider,400,894,Karamja
521,Jungle Spider,414,883,Karamja
521,Jungle Spider,417,763,Karamja
521,Jungle Spider,419,760,Karamja
521,Jungle Spider,420,767,Brimhaven
521,Jungle Spider,422,759,Brimhaven
521,Jungle Spider,422,766,Brimhaven
521,Jungle Spider,424,766,Brimhaven
521,Jungle Spider,426,759,Brimhaven
521,Jungle Spider,426,771,Brimhaven
521,Jungle Spider,428,772,Brimhaven
521,Jungle Spider,433,820,Brimhaven
521,Jungle Spider,436,831,Brimhaven
521,Jungle Spider,437,825,Brimhaven
521,Jungle Spider,442,828,Brimhaven
521,Jungle Spider,443,874,Brimhaven
521,Jungle Spider,444,821,Brimhaven
521,Jungle Spider,450,820,Brimhaven
521,Jungle Spider,450,822,Brimhaven
521,Jungle Spider,451,901,Brimhaven
521,Jungle Spider,457,735,Brimhaven
521,Jungle Spider,461,856,Brimhaven
521,Jungle Spider,463,816,Brimhaven
521,Jungle Spider,466,732,Brimhaven
521,Jungle Spider,468,896,Brimhaven
521,Jungle Spider,469,734,Brimhaven
521,Jungle Spider,471,735,Southern Map
521,Jungle Spider,471,860,Southern Map
521,Jungle Spider,530,759,Southern Map
521,Jungle Spider,532,749,Southern Map
521,Jungle Spider,533,749,Southern Map
521,Jungle Spider,533,762,Southern Map
521,Jungle Spider,534,748,Southern Map
521,Jungle Spider,534,750,Southern Map
521,Jungle Spider,534,758,Southern Map
521,Jungle Spider,535,759,Southern Map
521,Jungle Spider,535,761,Southern Map
521,Jungle Spider,536,750,Southern Map
521,Jungle Spider,537,758,Southern Map
521,Jungle Spider,538,745,Southern Map
521,Jungle Spider,538,752,Southern Map
521,Jungle Spider,539,744,Southern Map
521,Jungle Spider,540,751,Southern Map
521,Jungle Spider,541,745,Southern Map
521,Jungle Spider,541,748,Southern Map
521,Jungle Spider,541,753,Southern Map
521,Jungle Spider,541,756,Southern Map
521,Jungle Spider,542,755,Southern Map
521,Jungle Spider,543,747,Southern Map
521,Jungle Spider,543,754,Southern Map
521,Jungle Spider,544,748,Southern Map
521,Jungle Spider,544,756,Southern Map
378,Justin Servil,613,707,Yanille
621,Kaleb,395,1766,Karamja
641,Kalrag,726,582,Eastern Map
657,Kamen,763,661,Eastern Map
783,Kanel,166,513,Varrock
332,Kangai Mau,452,687,Brimhaven
204,Kaqemeex,362,459,Central Map
775,Karamja Wolf,345,901,Southern Map
775,Karamja Wolf,347,905,Southern Map
775,Karamja Wolf,358,894,Karamja
775,Karamja Wolf,364,902,Karamja
775,Karamja Wolf,368,882,Karamja
775,Karamja Wolf,378,876,Karamja
775,Karamja Wolf,379,903,Karamja
775,Karamja Wolf,386,892,Karamja
775,Karamja Wolf,400,885,Karamja
775,Karamja Wolf,400,901,Karamja
775,Karamja Wolf,416,900,Karamja
775,Karamja Wolf,422,904,Brimhaven
775,Karamja Wolf,432,892,Brimhaven
775,Karamja Wolf,435,883,Brimhaven
775,Karamja Wolf,452,894,Brimhaven
775,Karamja Wolf,457,877,Brimhaven
775,Karamja Wolf,462,891,Brimhaven
775,Karamja Wolf,466,877,Brimhaven
643,Kardia the Witch,773,3537,Underground/Dungeon
27,Katrine,150,534,Central Map
90,Kebab Seller,88,684,Al Kharid/Desert
304,Kharid Scorpion,264,1403,Southern Map
302,Kharid Scorpion,380,3353,Underground/Dungeon
303,Kharid Scorpion,487,543,Central Map
382,Khazard Bartender,591,718,Yanille
428,Khazard commander,660,630,Eastern Map
407,Khazard troop,639,637,Eastern Map
407,Khazard troop,639,640,Eastern Map
407,Khazard troop,640,630,Eastern Map
407,Khazard troop,640,635,Eastern Map
407,Khazard troop,641,628,Eastern Map
407,Khazard troop,642,630,Eastern Map
407,Khazard troop,642,634,Eastern Map
407,Khazard troop,642,644,Eastern Map
407,Khazard troop,642,645,Eastern Map
407,Khazard troop,643,631,Eastern Map
407,Khazard troop,644,633,Eastern Map
407,Khazard troop,646,639,Eastern Map
407,Khazard troop,647,633,Eastern Map
407,Khazard troop,650,634,Eastern Map
407,Khazard troop,650,639,Eastern Map
407,Khazard troop,650,640,Eastern Map
407,Khazard troop,651,633,Eastern Map
407,Khazard troop,651,642,Eastern Map
407,Khazard troop,652,641,Eastern Map
407,Khazard troop,653,631,Eastern Map
407,Khazard troop,654,633,Eastern Map
407,Khazard troop,654,634,Eastern Map
407,Khazard troop,654,636,Eastern Map
407,Khazard troop,654,641,Eastern Map
407,Khazard troop,654,642,Eastern Map
407,Khazard troop,655,640,Eastern Map
407,Khazard troop,655,643,Eastern Map
407,Khazard troop,656,636,Eastern Map
407,Khazard troop,656,641,Eastern Map
407,Khazard troop,656,652,Eastern Map
407,Khazard troop,657,642,Eastern Map
407,Khazard troop,657,644,Eastern Map
407,Khazard troop,657,646,Eastern Map
407,Khazard troop,658,637,Eastern Map
407,Khazard troop,658,645,Eastern Map
407,Khazard troop,659,633,Eastern Map
407,Khazard troop,659,639,Eastern Map
407,Khazard troop,659,642,Eastern Map
407,Khazard troop,659,644,Eastern Map
407,Khazard troop,659,646,Eastern Map
407,Khazard troop,660,634,Eastern Map
407,Khazard troop,660,644,Eastern Map
407,Khazard troop,661,639,Eastern Map
407,Khazard troop,661,643,Eastern Map
407,Khazard troop,661,645,Eastern Map
407,Khazard troop,664,644,Eastern Map
407,Khazard troop,666,640,Eastern Map
407,Khazard troop,666,651,Eastern Map
407,Khazard troop,667,594,Eastern Map
407,Khazard troop,668,632,Eastern Map
407,Khazard troop,668,639,Eastern Map
407,Khazard troop,669,595,Eastern Map
407,Khazard troop,669,634,Eastern Map
407,Khazard troop,669,636,Eastern Map
407,Khazard troop,671,594,Eastern Map
487,Kilron,629,613,Eastern Map
275,King Arthur,474,453,Central Map
477,King Black Dragon,567,3318,Underground/Dungeon
541,King Narnode Shareen,417,163,Wilderness (deep)
545,King Narnode Shareen,704,3283,Underground/Dungeon
415,King Percival,516,35,Wilderness (deep)
136,King Scorpion,120,108,Wilderness (deep)
136,King Scorpion,127,109,Wilderness (deep)
136,King Scorpion,128,112,Wilderness (deep)
136,King Scorpion,132,113,Wilderness (deep)
136,King Scorpion,135,115,Wilderness (deep)
136,King Scorpion,137,112,Wilderness (deep)
136,King Scorpion,235,199,Wilderness (deep)
136,King Scorpion,236,189,Wilderness (deep)
136,King Scorpion,239,199,Wilderness (deep)
136,King Scorpion,241,195,Wilderness (deep)
136,King Scorpion,264,3373,Underground/Dungeon
136,King Scorpion,268,3370,Underground/Dungeon
136,King Scorpion,406,606,Karamja
136,King Scorpion,406,616,Karamja
136,King Scorpion,410,615,Karamja
648,Klank,761,661,Eastern Map
193,Klarense,260,641,Port Sarim
322,Knight,547,586,Central Map
322,Knight,607,606,Yanille
659,Koftik,676,3493,Underground/Dungeon
627,Koftik,702,3420,Underground/Dungeon
626,Koftik,713,582,Eastern Map
628,Koftik,723,3461,Underground/Dungeon
650,Koftik,740,584,Eastern Map
629,Koftik,763,3441,Underground/Dungeon
337,Kortan,580,601,Yanille
123,Lady Keli,195,640,Southern Map
372,Lady servil,575,679,Yanille
122,Leela,206,626,Southern Map
736,Legends Guild Guard,511,551,Seers Village
736,Legends Guild Guard,514,551,Seers Village
22,Lesser Demon,60,172,Wilderness (deep)
22,Lesser Demon,64,183,Wilderness (deep)
22,Lesser Demon,76,176,Wilderness (deep)
22,Lesser Demon,213,2585,Southern Map
22,Lesser Demon,231,174,Wilderness (deep)
22,Lesser Demon,238,178,Wilderness (deep)
22,Lesser Demon,283,184,Wilderness (deep)
22,Lesser Demon,283,185,Wilderness (deep)
22,Lesser Demon,283,186,Wilderness (deep)
22,Lesser Demon,283,187,Wilderness (deep)
181,Lesser Demon,342,3462,Underground/Dungeon
22,Lesser Demon,349,3352,Underground/Dungeon
22,Lesser Demon,349,3354,Underground/Dungeon
22,Lesser Demon,352,3353,Underground/Dungeon
22,Lesser Demon,391,3732,Underground/Dungeon
22,Lesser Demon,393,3736,Underground/Dungeon
22,Lesser Demon,394,3741,Underground/Dungeon
22,Lesser Demon,400,3737,Underground/Dungeon
22,Lesser Demon,404,3496,Underground/Dungeon
22,Lesser Demon,404,3503,Underground/Dungeon
22,Lesser Demon,406,3499,Underground/Dungeon
22,Lesser Demon,407,3492,Underground/Dungeon
22,Lesser Demon,408,3535,Underground/Dungeon
22,Lesser Demon,410,3539,Underground/Dungeon
22,Lesser Demon,414,3536,Underground/Dungeon
22,Lesser Demon,415,616,Karamja
22,Lesser Demon,533,3294,Underground/Dungeon
22,Lesser Demon,533,3297,Underground/Dungeon
22,Lesser Demon,534,3291,Underground/Dungeon
266,Lord Darquarius,348,3431,Underground/Dungeon
85,Louie Legs,55,686,Al Kharid/Desert
364,Lucien,163,468,Central Map
360,Lucien,615,587,Eastern Map
793,Lundail,441,3376,Underground/Dungeon
164,Luthas,339,706,Southern Map
494,Magic Instructor,218,758,Southern Map
494,Magic Instructor,219,761,Southern Map
494,Magic Instructor,220,758,Southern Map
514,Magic store owner,600,1703,Yanille
339,Make over mage,371,580,Karamja
72,Man,59,677,Al Kharid
72,Man,62,670,Al Kharid
72,Man,62,681,Al Kharid/Desert
11,Man,64,1641,Southern Map
72,Man,69,673,Al Kharid
72,Man,79,672,Al Kharid
11,Man,82,444,Central Map
72,Man,83,680,Al Kharid/Desert
72,Man,84,674,Al Kharid
11,Man,97,526,Al Kharid/Desert
11,Man,97,579,Central Map
11,Man,108,527,Al Kharid/Desert
11,Man,110,523,Varrock
11,Man,111,1477,Southern Map
24,Man,111,3369,Underground/Dungeon
11,Man,112,522,Varrock
11,Man,117,1468,Southern Map
11,Man,118,658,Lumbridge
11,Man,124,522,Varrock
11,Man,126,656,Lumbridge
11,Man,129,649,Lumbridge
11,Man,129,658,Lumbridge
11,Man,132,639,Lumbridge
11,Man,133,1602,Southern Map
11,Man,212,441,Edgeville
11,Man,213,443,Edgeville
11,Man,214,1563,Southern Map
11,Man,215,444,Edgeville
11,Man,216,441,Edgeville
11,Man,220,616,Southern Map
11,Man,276,639,Port Sarim
11,Man,288,1467,Southern Map
11,Man,304,540,Falador
11,Man,308,523,Falador
11,Man,309,544,Falador
11,Man,310,522,Falador
11,Man,314,548,Falador
72,Man,316,1607,Southern Map
11,Man,433,491,Catherby
750,Man,486,417,Wilderness (low)
750,Man,486,423,Wilderness (low)
750,Man,492,411,Wilderness (low)
750,Man,493,414,Wilderness (low)
750,Man,496,416,Wilderness (low)
318,Man,497,457,Central Map
11,Man,498,411,Wilderness (low)
750,Man,498,418,Wilderness (low)
318,Man,511,455,Central Map
318,Man,517,459,Central Map
318,Man,520,451,Central Map
318,Man,580,606,Yanille
318,Man,584,619,Yanille
11,Man,603,745,Yanille
318,Man,606,580,Yanille
318,Man,606,585,Yanille
318,Man,607,584,Yanille
318,Man,609,1523,Yanille
318,Man,609,1525,Yanille
72,Man,614,763,Yanille
72,Man,615,763,Yanille
11,Man,683,570,Eastern Map
447,Martha Rehnison,646,567,Eastern Map
745,Mary The Maid,495,1334,Southern Map
231,Master Crafter,348,606,Rimmington
368,Master fisher,586,526,Ardougne
182,Melzar the mad,346,3463,Underground/Dungeon
668,Mercenary,68,3605,Underground/Dungeon
668,Mercenary,70,3605,Underground/Dungeon
692,Mercenary,70,3625,Underground/Dungeon
692,Mercenary,70,3627,Underground/Dungeon
690,Mercenary,72,3637,Underground/Dungeon
668,Mercenary,80,804,Al Kharid
668,Mercenary,83,806,Al Kharid
668,Mercenary,83,3630,Underground/Dungeon
670,Mercenary,83,3639,Underground/Dungeon
670,Mercenary,83,3641,Underground/Dungeon
670,Mercenary,89,806,Al Kharid
670,Mercenary,89,809,Al Kharid
670,Mercenary,90,806,Al Kharid
670,Mercenary,90,809,Al Kharid
668,Mercenary,92,808,Al Kharid
668,Mercenary,93,807,Al Kharid
668,Mercenary,93,808,Al Kharid
668,Mercenary,94,806,Al Kharid
668,Mercenary,95,810,Al Kharid
668,Mercenary,96,806,Al Kharid
669,Mercenary Captain,95,806,Al Kharid
669,Mercenary Captain,98,805,Al Kharid
669,Mercenary Captain,99,807,Al Kharid
393,Merlin,462,1387,Brimhaven
287,Merlin,462,2336,Brimhaven
226,Miles,227,632,Southern Map
449,Milli Rehnison,645,1511,Southern Map
711,Mining Cart Driver,88,807,Al Kharid
671,Mining Slave,51,3608,Underground/Dungeon
671,Mining Slave,56,3606,Underground/Dungeon
671,Mining Slave,57,3622,Underground/Dungeon
671,Mining Slave,60,3613,Underground/Dungeon
671,Mining Slave,65,3606,Underground/Dungeon
671,Mining Slave,70,3610,Underground/Dungeon
671,Mining Slave,71,3605,Underground/Dungeon
671,Mining Slave,73,3607,Underground/Dungeon
671,Mining Slave,76,3618,Underground/Dungeon
671,Mining Slave,82,3623,Underground/Dungeon
671,Mining Slave,83,807,Al Kharid
671,Mining Slave,83,3617,Underground/Dungeon
671,Mining Slave,85,809,Al Kharid
671,Mining Slave,85,811,Al Kharid
671,Mining Slave,85,3618,Underground/Dungeon
671,Mining Slave,88,3625,Underground/Dungeon
93,Monk,251,461,Barbarian Village
93,Monk,251,1403,Southern Map
93,Monk,251,1411,Southern Map
93,Monk,254,469,Barbarian Village
93,Monk,261,466,Central Map
93,Monk,261,1403,Southern Map
93,Monk,261,1409,Southern Map
93,Monk,261,1412,Southern Map
93,Monk,263,466,Central Map
93,Monk,263,1404,Southern Map
93,Monk,264,462,Central Map
140,Monk of Zamorak,330,436,Wilderness (low)
140,Monk of Zamorak,331,433,Wilderness (low)
139,Monk of Zamorak,331,435,Wilderness (low)
140,Monk of Zamorak,331,437,Wilderness (low)
140,Monk of Zamorak,332,434,Wilderness (low)
139,Monk of Zamorak,333,437,Wilderness (low)
293,Monk of Zamorak,406,3346,Underground/Dungeon
293,Monk of Zamorak,406,3350,Underground/Dungeon
293,Monk of Zamorak,410,3345,Underground/Dungeon
293,Monk of Zamorak,411,3349,Underground/Dungeon
140,Monk of Zamorak,686,642,Eastern Map
139,Monk of Zamorak,687,634,Eastern Map
139,Monk of Zamorak,689,639,Eastern Map
139,Monk of Zamorak,690,642,Eastern Map
140,Monk of Zamorak,697,646,Eastern Map
139,Monk of Zamorak,700,649,Eastern Map
140,Monk of Zamorak,701,640,Eastern Map
212,Monk of entrana,262,659,Port Sarim
212,Monk of entrana,266,659,Port Sarim
213,Monk of entrana,426,546,Central Map
213,Monk of entrana,427,548,Central Map
97,Morgan,215,618,Southern Map
349,Morris,563,493,Ardougne
539,Mosol,382,852,Karamja
104,Moss Giant,162,3306,Underground/Dungeon
104,Moss Giant,164,3290,Underground/Dungeon
104,Moss Giant,178,206,Wilderness (deep)
104,Moss Giant,182,201,Wilderness (deep)
104,Moss Giant,421,637,Brimhaven
104,Moss Giant,423,639,Brimhaven
594,Moss Giant,515,666,Southern Map
594,Moss Giant,516,664,Southern Map
594,Moss Giant,518,662,Southern Map
594,Moss Giant,520,661,Southern Map
104,Moss Giant,631,491,Yanille
104,Moss Giant,632,508,Yanille
104,Moss Giant,632,3297,Underground/Dungeon
104,Moss Giant,635,511,Yanille
355,Mountain Dwarf,384,464,Central Map
355,Mountain Dwarf,386,471,Taverly
356,Mountain Dwarf,391,3297,Underground/Dungeon
356,Mountain Dwarf,393,3300,Underground/Dungeon
356,Mountain Dwarf,395,3296,Underground/Dungeon
356,Mountain Dwarf,395,3300,Underground/Dungeon
356,Mountain Dwarf,396,3299,Underground/Dungeon
356,Mountain Dwarf,396,3302,Underground/Dungeon
356,Mountain Dwarf,399,3297,Underground/Dungeon
356,Mountain Dwarf,402,3299,Underground/Dungeon
355,Mountain Dwarf,427,456,Central Map
444,Mourner,613,580,Eastern Map
491,Mourner,621,589,Eastern Map
451,Mourner,622,590,Eastern Map
502,Mourner,628,566,Eastern Map
502,Mourner,628,570,Eastern Map
445,Mourner,628,603,Eastern Map
502,Mourner,630,565,Eastern Map
492,Mourner,631,573,Eastern Map
445,Mourner,631,604,Eastern Map
445,Mourner,633,582,Eastern Map
495,Mourner,633,1514,Southern Map
502,Mourner,634,569,Eastern Map
445,Mourner,636,603,Eastern Map
734,Murphy,252,729,Southern Map
734,Murphy,271,742,Southern Map
734,Murphy,300,729,Southern Map
734,Murphy,319,742,Southern Map
733,Murphy,538,703,Southern Map
733,Murphy,539,703,Southern Map
358,Necromancer,558,1592,Southern Map
358,Necromancer,559,649,Southern Map
124,Ned,214,627,Southern Map
194,Ned,281,3473,Underground/Dungeon
194,Ned,281,3494,Underground/Dungeon
227,Niles,228,628,Southern Map
642,Niloof,759,661,Eastern Map
233,Noterazzo,279,296,Wilderness (mid)
773,Nurmof,293,3329,Underground/Dungeon
620,Obli,418,847,Karamja
652,Observatory Professor,714,679,Eastern Map
652,Observatory Professor,715,681,Southern Map
652,Observatory Professor,715,682,Southern Map
654,Observatory assistant,714,683,Southern Map
625,Official,747,448,Central Map
680,Og,662,738,Southern Map
312,Ogre,511,3413,Underground/Dungeon
312,Ogre,511,3417,Underground/Dungeon
312,Ogre,511,3443,Underground/Dungeon
312,Ogre,587,832,Yanille
312,Ogre,591,835,Yanille
312,Ogre,601,805,Yanille
312,Ogre,603,798,Yanille
312,Ogre,603,3477,Underground/Dungeon
312,Ogre,607,803,Yanille
312,Ogre,607,3481,Underground/Dungeon
312,Ogre,608,794,Yanille
312,Ogre,611,3399,Underground/Dungeon
312,Ogre,612,785,Yanille
312,Ogre,612,791,Yanille
312,Ogre,612,3402,Underground/Dungeon
312,Ogre,613,3400,Underground/Dungeon
312,Ogre,613,3484,Underground/Dungeon
312,Ogre,615,3400,Underground/Dungeon
312,Ogre,615,3402,Underground/Dungeon
312,Ogre,616,844,Yanille
312,Ogre,616,3484,Underground/Dungeon
312,Ogre,617,783,Yanille
312,Ogre,617,3391,Underground/Dungeon
312,Ogre,617,3398,Underground/Dungeon
312,Ogre,618,810,Yanille
312,Ogre,620,819,Southern Map
312,Ogre,621,804,Southern Map
312,Ogre,621,837,Southern Map
312,Ogre,622,784,Southern Map
312,Ogre,624,817,Southern Map
312,Ogre,625,853,Southern Map
312,Ogre,627,853,Southern Map
312,Ogre,628,823,Southern Map
312,Ogre,629,783,Southern Map
312,Ogre,630,833,Southern Map
312,Ogre,631,784,Southern Map
312,Ogre,635,807,Southern Map
312,Ogre,647,839,Southern Map
312,Ogre,650,807,Southern Map
312,Ogre,653,776,Southern Map
312,Ogre,655,776,Southern Map
312,Ogre,656,802,Southern Map
312,Ogre,657,829,Southern Map
706,Ogre,658,734,Southern Map
706,Ogre,658,761,Southern Map
312,Ogre,658,803,Southern Map
706,Ogre,661,759,Southern Map
706,Ogre,662,734,Southern Map
312,Ogre,662,830,Southern Map
706,Ogre,663,733,Southern Map
706,Ogre,663,736,Southern Map
706,Ogre,663,737,Southern Map
312,Ogre,663,747,Southern Map
312,Ogre,663,844,Southern Map
312,Ogre,663,846,Southern Map
525,Ogre,664,531,Yanille
525,Ogre,664,534,Yanille
706,Ogre,665,759,Southern Map
525,Ogre,666,533,Yanille
312,Ogre,666,842,Southern Map
525,Ogre,667,531,Yanille
525,Ogre,667,534,Yanille
706,Ogre,667,741,Southern Map
312,Ogre,668,843,Southern Map
312,Ogre,746,3440,Underground/Dungeon
312,Ogre,749,3441,Underground/Dungeon
312,Ogre,751,3440,Underground/Dungeon
673,Ogre Shaman,632,3616,Underground/Dungeon
673,Ogre Shaman,642,3622,Underground/Dungeon
673,Ogre Shaman,648,3607,Underground/Dungeon
673,Ogre Shaman,653,3622,Underground/Dungeon
673,Ogre Shaman,655,3612,Underground/Dungeon
673,Ogre Shaman,660,3619,Underground/Dungeon
531,Ogre chieftan,590,832,Yanille
531,Ogre chieftan,621,827,Southern Map
531,Ogre chieftan,636,3619,Underground/Dungeon
531,Ogre chieftan,639,3623,Underground/Dungeon
531,Ogre chieftan,640,3609,Underground/Dungeon
531,Ogre chieftan,657,3618,Underground/Dungeon
531,Ogre chieftan,658,3623,Underground/Dungeon
531,Ogre chieftan,660,782,Southern Map
704,Ogre citizen,653,790,Southern Map
704,Ogre citizen,655,783,Southern Map
704,Ogre citizen,656,789,Southern Map
704,Ogre citizen,663,783,Southern Map
704,Ogre citizen,663,791,Southern Map
675,Ogre guard,630,792,Southern Map
675,Ogre guard,631,791,Southern Map
697,Ogre guard,646,806,Southern Map
697,Ogre guard,648,806,Southern Map
684,Ogre guard,662,789,Southern Map
676,Ogre guard,664,774,Southern Map
676,Ogre guard,665,772,Southern Map
677,Ogre guard,666,811,Southern Map
677,Ogre guard,669,811,Southern Map
686,Ogre merchant,644,791,Southern Map
689,Ogre trader,649,790,Southern Map
689,Ogre trader,650,785,Southern Map
687,Ogre trader,652,791,Southern Map
688,Ogre trader,662,803,Southern Map
484,Omart,624,616,Eastern Map
777,Oomlie Bird,345,895,Southern Map
777,Oomlie Bird,355,900,Karamja
777,Oomlie Bird,365,897,Karamja
777,Oomlie Bird,377,884,Karamja
777,Oomlie Bird,395,890,Karamja
777,Oomlie Bird,412,903,Karamja
777,Oomlie Bird,415,893,Karamja
777,Oomlie Bird,417,884,Karamja
777,Oomlie Bird,427,890,Brimhaven
777,Oomlie Bird,431,900,Brimhaven
777,Oomlie Bird,437,894,Brimhaven
777,Oomlie Bird,446,886,Brimhaven
777,Oomlie Bird,448,882,Brimhaven
777,Oomlie Bird,451,896,Brimhaven
777,Oomlie Bird,474,884,Southern Map
197,Oracle,287,457,Dwarven Mine
369,Orven,604,501,Yanille
120,Osman,76,683,Al Kharid/Desert
645,Othainian,795,3541,Underground/Dungeon
298,Otherworldly being,173,3546,Underground/Dungeon
298,Otherworldly being,174,3545,Underground/Dungeon
298,Otherworldly being,174,3547,Underground/Dungeon
298,Otherworldly being,176,3543,Underground/Dungeon
298,Otherworldly being,176,3548,Underground/Dungeon
298,Otherworldly being,178,3545,Underground/Dungeon
298,Otherworldly being,178,3546,Underground/Dungeon
299,Owen,429,484,Central Map
187,Oziach,244,443,Barbarian Village
249,Pack leader,402,466,Central Map
249,Pack leader,403,466,Central Map
370,Padik,603,502,Yanille
323,Paladin,546,604,Southern Map
323,Paladin,551,596,Central Map
323,Paladin,608,601,Yanille
323,Paladin,609,1548,Yanille
323,Paladin,609,1550,Yanille
323,Paladin,610,605,Eastern Map
323,Paladin,611,1549,Yanille
323,Paladin,612,1550,Yanille
633,Paladin,724,3414,Underground/Dungeon
633,Paladin,725,3414,Underground/Dungeon
632,Paladin,725,3416,Underground/Dungeon
75,Peksa,235,508,Central Map
782,Philop,167,515,Varrock
742,Pierre the Dog Handler,481,389,Wilderness (low)
137,Pirate,263,108,Wilderness (deep)
137,Pirate,264,102,Wilderness (deep)
137,Pirate,264,103,Wilderness (deep)
137,Pirate,264,108,Wilderness (deep)
137,Pirate,264,109,Wilderness (deep)
137,Pirate,266,108,Wilderness (deep)
137,Pirate,266,109,Wilderness (deep)
137,Pirate,267,104,Wilderness (deep)
137,Pirate,267,109,Wilderness (deep)
137,Pirate,268,101,Wilderness (deep)
137,Pirate,268,104,Wilderness (deep)
137,Pirate,275,3527,Underground/Dungeon
137,Pirate,276,3523,Underground/Dungeon
137,Pirate,282,3520,Underground/Dungeon
137,Pirate,282,3527,Underground/Dungeon
137,Pirate,283,659,Port Sarim
264,Pirate,448,700,Brimhaven
264,Pirate,448,707,Brimhaven
264,Pirate,449,702,Brimhaven
264,Pirate,449,704,Brimhaven
264,Pirate,450,699,Brimhaven
264,Pirate,451,701,Brimhaven
264,Pirate,452,683,Brimhaven
264,Pirate,453,698,Brimhaven
264,Pirate,453,703,Brimhaven
786,Pit Scorpion,512,3383,Underground/Dungeon
786,Pit Scorpion,513,3384,Underground/Dungeon
786,Pit Scorpion,513,3389,Underground/Dungeon
786,Pit Scorpion,513,3390,Underground/Dungeon
786,Pit Scorpion,515,3388,Underground/Dungeon
786,Pit Scorpion,516,3384,Underground/Dungeon
786,Pit Scorpion,516,3385,Underground/Dungeon
786,Pit Scorpion,518,3388,Underground/Dungeon
786,Pit Scorpion,518,3391,Underground/Dungeon
462,Platform Fisherman,488,1561,Southern Map
463,Platform Fisherman,489,620,Southern Map
462,Platform Fisherman,490,614,Southern Map
464,Platform Fisherman,490,1558,Southern Map
463,Platform Fisherman,490,1564,Southern Map
462,Platform Fisherman,493,1560,Southern Map
462,Platform Fisherman,494,620,Southern Map
463,Platform Fisherman,494,1558,Southern Map
464,Platform Fisherman,495,1564,Southern Map
763,Poison Salesman,490,452,Central Map
271,Poison Scorpion,342,3364,Underground/Dungeon
271,Poison Scorpion,344,3379,Underground/Dungeon
271,Poison Scorpion,351,3370,Underground/Dungeon
271,Poison Scorpion,494,659,Southern Map
271,Poison Scorpion,498,653,Southern Map
271,Poison Scorpion,499,667,Southern Map
271,Poison Scorpion,502,659,Southern Map
271,Poison Scorpion,506,665,Southern Map
292,Poison Spider,230,3240,Underground/Dungeon
292,Poison Spider,231,3239,Underground/Dungeon
292,Poison Spider,231,3240,Underground/Dungeon
292,Poison Spider,260,3007,Southern Map
292,Poison Spider,262,3003,Southern Map
292,Poison Spider,265,3002,Southern Map
292,Poison Spider,269,3010,Southern Map
292,Poison Spider,271,3005,Southern Map
292,Poison Spider,273,3010,Southern Map
292,Poison Spider,280,3018,Southern Map
292,Poison Spider,281,3017,Southern Map
292,Poison Spider,281,3018,Southern Map
292,Poison Spider,281,3020,Southern Map
292,Poison Spider,282,3014,Southern Map
292,Poison Spider,282,3015,Southern Map
292,Poison Spider,295,3428,Underground/Dungeon
292,Poison Spider,296,3428,Underground/Dungeon
292,Poison Spider,297,3428,Underground/Dungeon
292,Poison Spider,298,3428,Underground/Dungeon
292,Poison Spider,299,3428,Underground/Dungeon
292,Poison Spider,382,3350,Underground/Dungeon
292,Poison Spider,386,3344,Underground/Dungeon
292,Poison Spider,391,3339,Underground/Dungeon
292,Poison Spider,391,3345,Underground/Dungeon
292,Poison Spider,394,3350,Underground/Dungeon
292,Poison Spider,397,3343,Underground/Dungeon
292,Poison Spider,601,3536,Underground/Dungeon
292,Poison Spider,602,3535,Underground/Dungeon
292,Poison Spider,603,3510,Underground/Dungeon
292,Poison Spider,604,3521,Underground/Dungeon
292,Poison Spider,604,3536,Underground/Dungeon
292,Poison Spider,605,3513,Underground/Dungeon
292,Poison Spider,606,3523,Underground/Dungeon
9,Priest,113,667,Lumbridge
118,Prince Ali,203,640,Southern Map
662,Professor,713,698,Southern Map
38,Professor Oddenstein,213,2441,Southern Map
489,Quest advisor,206,750,Southern Map
489,Quest advisor,209,748,Southern Map
489,Quest advisor,209,753,Southern Map
334,RPDT employee,559,615,Southern Map
103,Ranael,54,694,Al Kharid/Desert
762,Ranalph Devere,392,3721,Underground/Dungeon
762,Ranalph Devere,393,3724,Underground/Dungeon
762,Ranalph Devere,396,3719,Underground/Dungeon
762,Ranalph Devere,400,3719,Underground/Dungeon
29,Rat,57,686,Al Kharid/Desert
29,Rat,57,687,Al Kharid/Desert
47,Rat,65,1640,Southern Map
29,Rat,68,680,Al Kharid/Desert
47,Rat,90,3289,Underground/Dungeon
47,Rat,91,3290,Underground/Dungeon
19,Rat,94,3301,Underground/Dungeon
47,Rat,95,535,Central Map
47,Rat,103,422,Wilderness (low)
47,Rat,104,407,Wilderness (low)
29,Rat,109,3306,Underground/Dungeon
47,Rat,111,407,Wilderness (low)
47,Rat,111,410,Wilderness (low)
47,Rat,111,413,Wilderness (low)
29,Rat,112,3306,Underground/Dungeon
29,Rat,114,3306,Underground/Dungeon
47,Rat,115,415,Wilderness (low)
19,Rat,119,3298,Underground/Dungeon
19,Rat,131,691,Southern Map
19,Rat,132,687,Southern Map
19,Rat,136,694,Southern Map
19,Rat,137,686,Southern Map
29,Rat,138,667,Lumbridge
29,Rat,140,667,Lumbridge
29,Rat,159,468,Central Map
29,Rat,160,463,Central Map
29,Rat,161,466,Central Map
29,Rat,202,619,Southern Map
47,Rat,207,3286,Underground/Dungeon
47,Rat,210,3285,Underground/Dungeon
29,Rat,215,612,Southern Map
29,Rat,216,626,Southern Map
29,Rat,218,555,Central Map
29,Rat,219,622,Southern Map
29,Rat,220,621,Southern Map
47,Rat,222,3282,Underground/Dungeon
473,Rat,228,731,Southern Map
473,Rat,230,734,Southern Map
19,Rat,256,305,Wilderness (mid)
19,Rat,257,303,Wilderness (mid)
47,Rat,296,675,Port Sarim
47,Rat,299,676,Port Sarim
29,Rat,315,299,Wilderness (mid)
29,Rat,317,293,Wilderness (mid)
29,Rat,317,456,Dwarven Mine
29,Rat,318,450,Dwarven Mine
47,Rat,320,293,Wilderness (mid)
29,Rat,321,309,Wilderness (mid)
29,Rat,321,441,Central Map
47,Rat,323,301,Wilderness (mid)
47,Rat,323,305,Wilderness (mid)
29,Rat,324,668,Rimmington
29,Rat,324,670,Rimmington
29,Rat,327,299,Wilderness (mid)
29,Rat,327,668,Rimmington
29,Rat,327,670,Rimmington
29,Rat,328,290,Wilderness (mid)
29,Rat,329,448,Central Map
29,Rat,329,454,Central Map
29,Rat,330,287,Wilderness (mid)
47,Rat,341,628,Rimmington
47,Rat,341,634,Rimmington
47,Rat,343,632,Rimmington
47,Rat,343,635,Rimmington
29,Rat,345,3426,Underground/Dungeon
177,Rat,347,635,Rimmington
29,Rat,353,3420,Underground/Dungeon
29,Rat,357,3427,Underground/Dungeon
29,Rat,361,3429,Underground/Dungeon
29,Rat,446,697,Brimhaven
19,Rat,557,3435,Underground/Dungeon
19,Rat,558,3424,Underground/Dungeon
19,Rat,561,3419,Underground/Dungeon
19,Rat,563,3435,Underground/Dungeon
29,Rat,578,3457,Underground/Dungeon
19,Rat,579,3457,Underground/Dungeon
29,Rat,580,3353,Underground/Dungeon
19,Rat,580,3458,Underground/Dungeon
29,Rat,582,449,Central Map
29,Rat,582,3353,Underground/Dungeon
29,Rat,583,3351,Underground/Dungeon
29,Rat,585,461,Central Map
29,Rat,586,460,Central Map
19,Rat,592,3351,Underground/Dungeon
19,Rat,592,3352,Underground/Dungeon
19,Rat,592,3353,Underground/Dungeon
19,Rat,593,3354,Underground/Dungeon
19,Rat,594,3349,Underground/Dungeon
29,Rat,594,3355,Underground/Dungeon
19,Rat,595,3354,Underground/Dungeon
47,Rat,596,3341,Underground/Dungeon
29,Rat,597,3328,Underground/Dungeon
29,Rat,597,3353,Underground/Dungeon
19,Rat,597,3354,Underground/Dungeon
29,Rat,598,3328,Underground/Dungeon
47,Rat,598,3340,Underground/Dungeon
19,Rat,598,3351,Underground/Dungeon
47,Rat,599,3340,Underground/Dungeon
29,Rat,600,3323,Underground/Dungeon
47,Rat,600,3339,Underground/Dungeon
29,Rat,606,3323,Underground/Dungeon
19,Rat,607,3462,Underground/Dungeon
29,Rat,608,3326,Underground/Dungeon
19,Rat,610,847,Yanille
29,Rat,610,3325,Underground/Dungeon
29,Rat,623,3416,Underground/Dungeon
29,Rat,625,594,Eastern Map
47,Rat,625,689,Southern Map
29,Rat,625,700,Southern Map
29,Rat,625,718,Southern Map
47,Rat,627,695,Southern Map
29,Rat,630,593,Eastern Map
29,Rat,630,606,Eastern Map
29,Rat,630,3411,Underground/Dungeon
29,Rat,631,578,Eastern Map
19,Rat,631,3421,Underground/Dungeon
29,Rat,634,3411,Underground/Dungeon
29,Rat,635,586,Eastern Map
47,Rat,640,708,Southern Map
47,Rat,646,679,Eastern Map
29,Rat,651,584,Eastern Map
29,Rat,651,669,Eastern Map
29,Rat,651,673,Eastern Map
29,Rat,651,717,Southern Map
29,Rat,653,630,Eastern Map
29,Rat,656,630,Eastern Map
29,Rat,661,666,Eastern Map
29,Rat,661,3272,Underground/Dungeon
29,Rat,663,3277,Underground/Dungeon
29,Rat,663,3278,Underground/Dungeon
29,Rat,664,578,Eastern Map
29,Rat,665,636,Eastern Map
19,Rat,665,3297,Underground/Dungeon
29,Rat,666,630,Eastern Map
29,Rat,667,578,Eastern Map
29,Rat,667,3276,Underground/Dungeon
29,Rat,668,3277,Underground/Dungeon
29,Rat,670,577,Eastern Map
29,Rat,675,564,Eastern Map
29,Rat,676,564,Eastern Map
29,Rat,677,564,Eastern Map
29,Rat,678,564,Eastern Map
29,Rat,679,564,Eastern Map
29,Rat,680,565,Eastern Map
29,Rat,681,564,Eastern Map
29,Rat,681,565,Eastern Map
29,Rat,682,564,Eastern Map
29,Rat,683,564,Eastern Map
29,Rat,684,564,Eastern Map
29,Rat,685,564,Eastern Map
29,Rat,685,698,Southern Map
29,Rat,686,564,Eastern Map
29,Rat,686,565,Eastern Map
29,Rat,687,564,Eastern Map
29,Rat,688,565,Eastern Map
29,Rat,689,564,Eastern Map
29,Rat,690,564,Eastern Map
29,Rat,691,564,Eastern Map
29,Rat,692,564,Eastern Map
29,Rat,693,564,Eastern Map
29,Rat,694,564,Eastern Map
29,Rat,694,565,Eastern Map
29,Rat,694,566,Eastern Map
29,Rat,694,567,Eastern Map
29,Rat,695,564,Eastern Map
29,Rat,695,566,Eastern Map
29,Rat,695,567,Eastern Map
29,Rat,697,695,Southern Map
29,Rat,701,694,Southern Map
19,Rat,736,3440,Underground/Dungeon
19,Rat,738,3440,Underground/Dungeon
19,Rat,741,3440,Underground/Dungeon
468,Recruiter,651,593,Eastern Map
201,Red Dragon,134,197,Wilderness (deep)
201,Red Dragon,135,201,Wilderness (deep)
201,Red Dragon,153,190,Wilderness (deep)
201,Red Dragon,239,169,Wilderness (deep)
201,Red Dragon,239,169,Wilderness (deep)
201,Red Dragon,239,169,Wilderness (deep)
128,Redbeard Frank,252,632,Southern Map
601,Referee,746,450,Central Map
20,Reldo,128,456,Central Map
277,Renegade knight,458,1460,Brimhaven
277,Renegade knight,460,519,Catherby
277,Renegade knight,460,1464,Brimhaven
277,Renegade knight,462,521,Catherby
277,Renegade knight,462,1467,Brimhaven
277,Renegade knight,464,519,Catherby
277,Renegade knight,464,1465,Brimhaven
342,Rogue,75,104,Wilderness (deep)
342,Rogue,76,106,Wilderness (deep)
342,Rogue,78,105,Wilderness (deep)
342,Rogue,79,106,Wilderness (deep)
342,Rogue,192,126,Wilderness (deep)
342,Rogue,193,109,Wilderness (deep)
30,Romeo,133,507,Varrock
156,Rommik,331,668,Rimmington
716,Rowdy Guard,52,3625,Underground/Dungeon
716,Rowdy Guard,61,3612,Underground/Dungeon
716,Rowdy Guard,64,3618,Underground/Dungeon
716,Rowdy Guard,71,3606,Underground/Dungeon
716,Rowdy Guard,72,3641,Underground/Dungeon
716,Rowdy Guard,89,3623,Underground/Dungeon
716,Rowdy Guard,89,3638,Underground/Dungeon
716,Rowdy Guard,91,3638,Underground/Dungeon
718,Rowdy Slave,53,3629,Underground/Dungeon
718,Rowdy Slave,56,3615,Underground/Dungeon
718,Rowdy Slave,59,3612,Underground/Dungeon
718,Rowdy Slave,62,3623,Underground/Dungeon
718,Rowdy Slave,67,3615,Underground/Dungeon
718,Rowdy Slave,67,3642,Underground/Dungeon
718,Rowdy Slave,68,3625,Underground/Dungeon
718,Rowdy Slave,73,3638,Underground/Dungeon
718,Rowdy Slave,83,3625,Underground/Dungeon
718,Rowdy Slave,87,3620,Underground/Dungeon
718,Rowdy Slave,92,3627,Underground/Dungeon
567,Salarin the twisted,583,3554,Underground/Dungeon
663,San Tojalon,418,3709,Underground/Dungeon
663,San Tojalon,418,3712,Underground/Dungeon
663,San Tojalon,425,3710,Underground/Dungeon
663,San Tojalon,428,3711,Underground/Dungeon
205,Sanfew,379,487,Taverly
183,Scavvo,150,1506,Southern Map
70,Scorpion,69,592,Central Map
70,Scorpion,69,600,Southern Map
70,Scorpion,70,585,Central Map
70,Scorpion,73,589,Central Map
70,Scorpion,87,715,Al Kharid/Desert
70,Scorpion,101,3280,Underground/Dungeon
70,Scorpion,104,3280,Underground/Dungeon
70,Scorpion,258,405,Wilderness (low)
70,Scorpion,259,400,Wilderness (low)
70,Scorpion,260,414,Wilderness (low)
70,Scorpion,263,397,Wilderness (low)
70,Scorpion,264,3369,Underground/Dungeon
70,Scorpion,265,3364,Underground/Dungeon
70,Scorpion,268,3353,Underground/Dungeon
70,Scorpion,268,3358,Underground/Dungeon
70,Scorpion,268,3362,Underground/Dungeon
70,Scorpion,269,418,Wilderness (low)
70,Scorpion,269,3369,Underground/Dungeon
70,Scorpion,271,3350,Underground/Dungeon
70,Scorpion,276,410,Wilderness (low)
70,Scorpion,379,786,Karamja
70,Scorpion,403,697,Karamja
70,Scorpion,406,681,Karamja
70,Scorpion,412,699,Karamja
70,Scorpion,419,701,Karamja
70,Scorpion,421,707,Brimhaven
70,Scorpion,424,686,Brimhaven
70,Scorpion,430,700,Brimhaven
70,Scorpion,460,802,Brimhaven
70,Scorpion,464,717,Brimhaven
70,Scorpion,544,3331,Underground/Dungeon
70,Scorpion,545,3332,Underground/Dungeon
70,Scorpion,546,3333,Underground/Dungeon
70,Scorpion,547,3333,Underground/Dungeon
70,Scorpion,593,619,Yanille
70,Scorpion,595,620,Yanille
666,Scorpion,689,652,Eastern Map
666,Scorpion,691,651,Eastern Map
170,Seaman Lorris,268,648,Port Sarim
171,Seaman Thresnor,268,646,Port Sarim
301,Seer,524,463,Central Map
301,Seer,524,1406,Southern Map
623,Serevel,395,1780,Karamja
267,Seth,443,672,Brimhaven
787,Shadow Warrior,504,3374,Underground/Dungeon
787,Shadow Warrior,505,3371,Underground/Dungeon
787,Shadow Warrior,507,3371,Underground/Dungeon
787,Shadow Warrior,509,3371,Underground/Dungeon
787,Shadow Warrior,509,3373,Underground/Dungeon
343,Shadow spider,266,2949,Southern Map
343,Shadow spider,267,2955,Southern Map
343,Shadow spider,272,2953,Southern Map
343,Shadow spider,278,2957,Southern Map
343,Shadow spider,281,2955,Southern Map
343,Shadow spider,282,2958,Southern Map
343,Shadow spider,283,2961,Southern Map
343,Shadow spider,283,2964,Southern Map
343,Shadow spider,284,2964,Southern Map
343,Shadow spider,284,2968,Southern Map
343,Shadow spider,286,2965,Southern Map
343,Shadow spider,291,3444,Underground/Dungeon
343,Shadow spider,291,3445,Underground/Dungeon
343,Shadow spider,291,3446,Underground/Dungeon
343,Shadow spider,292,3446,Underground/Dungeon
343,Shadow spider,293,3446,Underground/Dungeon
343,Shadow spider,294,3446,Underground/Dungeon
343,Shadow spider,658,3297,Underground/Dungeon
343,Shadow spider,658,3298,Underground/Dungeon
343,Shadow spider,659,3296,Underground/Dungeon
343,Shadow spider,659,3298,Underground/Dungeon
343,Shadow spider,661,3297,Underground/Dungeon
549,Shantay,63,731,Southern Map
717,Shantay Pass Guard,61,726,Southern Map
717,Shantay Pass Guard,63,725,Southern Map
717,Shantay Pass Guard,63,727,Southern Map
719,Shantay Pass Guard,63,732,Southern Map
2,Sheep,97,567,Central Map
2,Sheep,98,563,Central Map
2,Sheep,103,568,Central Map
2,Sheep,107,564,Central Map
2,Sheep,138,633,Lumbridge
2,Sheep,139,623,Lumbridge
2,Sheep,140,620,Lumbridge
2,Sheep,140,626,Lumbridge
2,Sheep,144,621,Lumbridge
2,Sheep,144,626,Lumbridge
2,Sheep,145,629,Lumbridge
2,Sheep,145,630,Lumbridge
2,Sheep,146,618,Southern Map
2,Sheep,147,623,Lumbridge
2,Sheep,148,3522,Underground/Dungeon
2,Sheep,151,621,Southern Map
2,Sheep,151,3533,Underground/Dungeon
2,Sheep,152,618,Southern Map
2,Sheep,153,621,Southern Map
2,Sheep,153,629,Southern Map
2,Sheep,155,619,Southern Map
2,Sheep,342,584,Rimmington
2,Sheep,347,583,Rimmington
2,Sheep,347,586,Rimmington
2,Sheep,551,548,Ardougne
2,Sheep,551,549,Ardougne
2,Sheep,551,551,Ardougne
2,Sheep,552,551,Ardougne
2,Sheep,552,552,Ardougne
2,Sheep,755,446,Central Map
715,Shilop,126,504,Varrock
715,Shilop,320,1492,Southern Map
560,Shipyard foreman,396,740,Karamja
561,Shipyard foreman,409,753,Karamja
559,Shipyard worker,400,759,Karamja
559,Shipyard worker,401,749,Karamja
559,Shipyard worker,401,756,Karamja
559,Shipyard worker,401,758,Karamja
559,Shipyard worker,401,759,Karamja
557,Shipyard worker,401,763,Karamja
559,Shipyard worker,402,741,Karamja
559,Shipyard worker,402,745,Karamja
559,Shipyard worker,402,754,Karamja
559,Shipyard worker,402,756,Karamja
559,Shipyard worker,402,758,Karamja
559,Shipyard worker,403,754,Karamja
559,Shipyard worker,406,739,Karamja
559,Shipyard worker,406,760,Karamja
559,Shipyard worker,407,760,Karamja
558,Shipyard worker,408,743,Karamja
559,Shipyard worker,409,747,Karamja
558,Shipyard worker,410,751,Karamja
88,Shop Assistant,55,679,Al Kharid
82,Shop Assistant,126,516,Varrock
83,Shop Assistant,135,640,Lumbridge
186,Shop Assistant,223,441,Edgeville
106,Shop Assistant,319,531,Falador
146,Shop Assistant,330,660,Rimmington
169,Shop Assistant,363,714,Karamja
87,Shopkeeper,55,683,Al Kharid/Desert
51,Shopkeeper,127,516,Varrock
55,Shopkeeper,134,643,Lumbridge
185,Shopkeeper,225,441,Edgeville
105,Shopkeeper,320,535,Falador
145,Shopkeeper,330,662,Rimmington
168,Shopkeeper,360,715,Karamja
391,Shopkeeper,553,708,Southern Map
371,Shopkeeper,600,517,Yanille
778,Sidney Smith,604,744,Yanille
779,Siegfried Erkle,510,2426,Southern Map
573,Sigbert the Adventurer,584,3575,Underground/Dungeon
346,Sinister stranger,568,489,Ardougne
110,Sir Amik Varze,304,1507,Southern Map
274,Sir Gawain,472,450,Central Map
273,Sir Lancelot,462,432,Wilderness (low)
276,Sir Mordred,462,2406,Brimhaven
16,Sir Prysin,139,475,Varrock
785,Sir Radimus Erkle,514,535,Seers Village
735,Sir Radimus Erkle,517,545,Seers Village
138,Sir Vyvin,319,2456,Southern Map
708,Skavid,626,3565,Underground/Dungeon
678,Skavid,626,3576,Underground/Dungeon
678,Skavid,627,3581,Underground/Dungeon
708,Skavid,628,3568,Underground/Dungeon
709,Skavid,628,3592,Underground/Dungeon
678,Skavid,630,3574,Underground/Dungeon
709,Skavid,631,3593,Underground/Dungeon
707,Skavid,637,3567,Underground/Dungeon
707,Skavid,640,3564,Underground/Dungeon
679,Skavid,647,3596,Underground/Dungeon
696,Skavid,650,3555,Underground/Dungeon
696,Skavid,650,3556,Underground/Dungeon
679,Skavid,650,3594,Underground/Dungeon
696,Skavid,652,3558,Underground/Dungeon
519,Soldier,626,1687,Southern Map
519,Soldier,633,1687,Southern Map
519,Soldier,639,753,Southern Map
519,Soldier,639,756,Southern Map
519,Soldier,640,753,Southern Map
519,Soldier,640,755,Southern Map
519,Soldier,642,753,Southern Map
519,Soldier,642,754,Southern Map
519,Soldier,642,1689,Southern Map
519,Soldier,643,1707,Southern Map
519,Soldier,645,1697,Southern Map
655,Souless,724,613,Eastern Map
655,Souless,734,627,Eastern Map
655,Souless,734,628,Eastern Map
655,Souless,735,613,Eastern Map
655,Souless,735,618,Eastern Map
655,Souless,736,595,Eastern Map
655,Souless,736,611,Eastern Map
655,Souless,736,615,Eastern Map
655,Souless,736,624,Eastern Map
655,Souless,736,631,Eastern Map
655,Souless,737,609,Eastern Map
655,Souless,737,621,Eastern Map
655,Souless,738,607,Eastern Map
655,Souless,738,622,Eastern Map
655,Souless,739,605,Eastern Map
655,Souless,739,630,Eastern Map
655,Souless,740,616,Eastern Map
655,Souless,740,632,Eastern Map
655,Souless,741,629,Eastern Map
655,Souless,742,606,Eastern Map
655,Souless,742,615,Eastern Map
655,Souless,743,613,Eastern Map
655,Souless,746,611,Eastern Map
655,Souless,746,632,Eastern Map
655,Souless,748,627,Eastern Map
655,Souless,748,629,Eastern Map
655,Souless,749,634,Eastern Map
655,Souless,750,626,Eastern Map
655,Souless,751,633,Eastern Map
655,Souless,751,635,Eastern Map
655,Souless,753,628,Eastern Map
655,Souless,754,635,Eastern Map
655,Souless,759,3449,Underground/Dungeon
655,Souless,759,3450,Underground/Dungeon
655,Souless,761,3449,Underground/Dungeon
644,Souless,768,3546,Underground/Dungeon
644,Souless,768,3549,Underground/Dungeon
655,Souless,769,3526,Underground/Dungeon
655,Souless,769,3527,Underground/Dungeon
655,Souless,770,3492,Underground/Dungeon
655,Souless,770,3510,Underground/Dungeon
655,Souless,771,3510,Underground/Dungeon
655,Souless,772,3492,Underground/Dungeon
655,Souless,774,3527,Underground/Dungeon
655,Souless,776,3510,Underground/Dungeon
655,Souless,777,3494,Underground/Dungeon
655,Souless,781,3435,Underground/Dungeon
655,Souless,782,3444,Underground/Dungeon
655,Souless,782,3550,Underground/Dungeon
655,Souless,783,3419,Underground/Dungeon
655,Souless,783,3529,Underground/Dungeon
655,Souless,784,3497,Underground/Dungeon
655,Souless,785,3529,Underground/Dungeon
644,Souless,788,3431,Underground/Dungeon
644,Souless,791,3410,Underground/Dungeon
644,Souless,791,3420,Underground/Dungeon
644,Souless,791,3426,Underground/Dungeon
644,Souless,792,3435,Underground/Dungeon
655,Souless,795,3457,Underground/Dungeon
655,Souless,795,3490,Underground/Dungeon
655,Souless,795,3509,Underground/Dungeon
655,Souless,795,3519,Underground/Dungeon
644,Souless,796,3414,Underground/Dungeon
644,Souless,797,3424,Underground/Dungeon
644,Souless,797,3431,Underground/Dungeon
644,Souless,798,3409,Underground/Dungeon
644,Souless,801,3435,Underground/Dungeon
644,Souless,802,3414,Underground/Dungeon
644,Souless,802,3420,Underground/Dungeon
644,Souless,802,3426,Underground/Dungeon
655,Souless,803,3444,Underground/Dungeon
655,Souless,803,3446,Underground/Dungeon
655,Souless,807,3467,Underground/Dungeon
644,Souless,808,3414,Underground/Dungeon
644,Souless,808,3422,Underground/Dungeon
644,Souless,808,3429,Underground/Dungeon
644,Souless,808,3434,Underground/Dungeon
655,Souless,809,3496,Underground/Dungeon
644,Souless,810,3408,Underground/Dungeon
644,Souless,812,3426,Underground/Dungeon
644,Souless,813,3408,Underground/Dungeon
655,Souless,814,3510,Underground/Dungeon
655,Souless,814,3512,Underground/Dungeon
644,Souless,815,3455,Underground/Dungeon
644,Souless,815,3457,Underground/Dungeon
644,Souless,815,3500,Underground/Dungeon
644,Souless,815,3503,Underground/Dungeon
655,Souless,815,3514,Underground/Dungeon
238,Speedy Keith,270,296,Wilderness (mid)
665,Spirit of Scorpius,692,650,Eastern Map
746,Stanford The Gardener,501,388,Wilderness (low)
389,Stankers,612,453,Central Map
724,Student,20,526,Al Kharid/Desert
724,Student,20,526,Al Kharid/Desert
724,Student,20,526,Al Kharid/Desert
724,Student,20,526,Al Kharid/Desert
724,Student,20,526,Al Kharid/Desert
725,Student,20,526,Al Kharid/Desert
725,Student,20,526,Al Kharid/Desert
725,Student,20,526,Al Kharid/Desert
725,Student,20,526,Al Kharid/Desert
725,Student,20,526,Al Kharid/Desert
727,Student,20,526,Al Kharid/Desert
727,Student,20,526,Al Kharid/Desert
727,Student,20,526,Al Kharid/Desert
727,Student,20,526,Al Kharid/Desert
727,Student,20,526,Al Kharid/Desert
206,Suit of armour,374,3331,Underground/Dungeon
206,Suit of armour,374,3333,Underground/Dungeon
206,Suit of armour,608,2490,Yanille
206,Suit of armour,608,2492,Yanille
206,Suit of armour,613,2490,Yanille
206,Suit of armour,613,2492,Yanille
501,Tailor,84,525,Al Kharid/Desert
172,Tanner,84,676,Al Kharid
172,Tanner,345,1554,Southern Map
780,Tea seller,90,519,Al Kharid/Desert
446,Ted Rehnison,644,566,Eastern Map
361,The Fire warrior of lesarkus,542,3299,Underground/Dungeon
59,Thessalia,137,516,Varrock
64,Thief,81,449,Central Map
64,Thief,110,3371,Underground/Dungeon
64,Thief,111,3373,Underground/Dungeon
64,Thief,111,3380,Underground/Dungeon
64,Thief,112,3371,Underground/Dungeon
64,Thief,113,531,Central Map
64,Thief,146,534,Central Map
64,Thief,147,531,Central Map
64,Thief,148,528,Varrock
64,Thief,276,642,Port Sarim
64,Thief,277,642,Port Sarim
64,Thief,282,655,Port Sarim
64,Thief,442,692,Brimhaven
64,Thief,448,685,Brimhaven
351,Thief,616,3496,Underground/Dungeon
351,Thief,619,3499,Underground/Dungeon
175,Thordur,310,3346,Underground/Dungeon
300,Thormac the sorceror,511,1452,Southern Map
160,Thrander,104,520,Al Kharid/Desert
251,Thug,168,392,Wilderness (low)
251,Thug,169,397,Wilderness (low)
251,Thug,170,393,Wilderness (low)
251,Thug,170,395,Wilderness (low)
251,Thug,170,401,Wilderness (low)
251,Thug,174,396,Wilderness (low)
251,Thug,197,3251,Underground/Dungeon
251,Thug,198,3253,Underground/Dungeon
251,Thug,198,3257,Underground/Dungeon
251,Thug,200,3253,Underground/Dungeon
251,Thug,200,3256,Underground/Dungeon
134,Thurgo,291,713,Southern Map
682,Toban,606,803,Yanille
575,Tower guard,77,1643,Southern Map
575,Tower guard,638,740,Southern Map
575,Tower guard,639,740,Southern Map
575,Tower guard,639,741,Southern Map
17,Traiborn the wizard,214,1640,Southern Map
28,Tramp,133,528,Varrock
28,Tramp,320,1489,Southern Map
421,Tribesman,338,774,Southern Map
421,Tribesman,338,823,Southern Map
421,Tribesman,347,827,Southern Map
421,Tribesman,348,836,Southern Map
421,Tribesman,358,843,Karamja
421,Tribesman,359,833,Karamja
421,Tribesman,366,815,Karamja
421,Tribesman,374,817,Karamja
421,Tribesman,385,788,Karamja
421,Tribesman,416,761,Karamja
421,Tribesman,453,781,Brimhaven
421,Tribesman,466,742,Brimhaven
421,Tribesman,480,705,Southern Map
421,Tribesman,487,709,Southern Map
421,Tribesman,491,703,Southern Map
421,Tribesman,492,711,Southern Map
421,Tribesman,497,708,Southern Map
421,Tribesman,498,713,Southern Map
421,Tribesman,502,703,Southern Map
421,Tribesman,507,700,Southern Map
256,Trobert,439,692,Brimhaven
517,Trufitus,436,751,Brimhaven
653,Ugthanki,59,751,Southern Map
653,Ugthanki,70,765,Southern Map
653,Ugthanki,72,751,Southern Map
653,Ugthanki,96,761,Al Kharid
653,Ugthanki,97,795,Al Kharid
653,Ugthanki,111,754,Southern Map
653,Ugthanki,118,768,Southern Map
653,Ugthanki,118,785,Southern Map
653,Ugthanki,128,800,Southern Map
653,Ugthanki,157,792,Southern Map
653,Ugthanki,165,809,Southern Map
542,UndeadOne,345,3719,Underground/Dungeon
542,UndeadOne,347,3612,Underground/Dungeon
542,UndeadOne,347,3622,Underground/Dungeon
542,UndeadOne,347,3634,Underground/Dungeon
542,UndeadOne,349,3614,Underground/Dungeon
542,UndeadOne,352,3652,Underground/Dungeon
542,UndeadOne,352,3720,Underground/Dungeon
542,UndeadOne,353,3680,Underground/Dungeon
542,UndeadOne,354,3667,Underground/Dungeon
542,UndeadOne,354,3674,Underground/Dungeon
542,UndeadOne,355,3683,Underground/Dungeon
542,UndeadOne,356,3630,Underground/Dungeon
542,UndeadOne,358,3672,Underground/Dungeon
542,UndeadOne,360,3717,Underground/Dungeon
542,UndeadOne,363,3627,Underground/Dungeon
542,UndeadOne,365,3609,Underground/Dungeon
542,UndeadOne,371,3637,Underground/Dungeon
542,UndeadOne,385,850,Karamja
542,UndeadOne,385,854,Karamja
542,UndeadOne,386,851,Karamja
542,UndeadOne,387,846,Karamja
542,UndeadOne,387,849,Karamja
542,UndeadOne,387,854,Karamja
542,UndeadOne,388,847,Karamja
542,UndeadOne,388,856,Karamja
542,UndeadOne,389,857,Karamja
542,UndeadOne,390,846,Karamja
542,UndeadOne,391,856,Karamja
542,UndeadOne,392,847,Karamja
542,UndeadOne,392,854,Karamja
542,UndeadOne,393,849,Karamja
542,UndeadOne,393,852,Karamja
542,UndeadOne,469,3661,Underground/Dungeon
542,UndeadOne,743,3429,Underground/Dungeon
542,UndeadOne,744,3427,Underground/Dungeon
542,UndeadOne,744,3429,Underground/Dungeon
542,UndeadOne,744,3430,Underground/Dungeon
542,UndeadOne,745,3428,Underground/Dungeon
542,UndeadOne,748,3429,Underground/Dungeon
542,UndeadOne,748,3431,Underground/Dungeon
542,UndeadOne,749,3430,Underground/Dungeon
542,UndeadOne,750,3426,Underground/Dungeon
766,Ungadulu,454,3708,Underground/Dungeon
0,Unicorn,83,557,Central Map
0,Unicorn,86,549,Central Map
0,Unicorn,185,661,Southern Map
0,Unicorn,227,482,Central Map
0,Unicorn,375,457,Central Map
0,Unicorn,415,540,Taverly
0,Unicorn,425,540,Central Map
0,Unicorn,432,535,Catherby
0,Unicorn,434,554,Catherby
0,Unicorn,448,460,Central Map
0,Unicorn,451,462,Central Map
0,Unicorn,519,493,Seers Village
0,Unicorn,521,493,Seers Village
0,Unicorn,612,778,Yanille
0,Unicorn,633,855,Southern Map
0,Unicorn,643,847,Southern Map
0,Unicorn,643,853,Southern Map
0,Unicorn,649,855,Southern Map
0,Unicorn,650,854,Southern Map
0,Unicorn,744,3500,Underground/Dungeon
794,Unknown NPC (794),126,506,Varrock
794,Unknown NPC (794),127,509,Varrock
794,Unknown NPC (794),132,505,Varrock
794,Unknown NPC (794),133,509,Varrock
795,Unknown NPC (795),90,694,Al Kharid/Desert
795,Unknown NPC (795),101,512,Al Kharid/Desert
795,Unknown NPC (795),151,501,Varrock
795,Unknown NPC (795),175,3527,Underground/Dungeon
795,Unknown NPC (795),217,450,Edgeville
795,Unknown NPC (795),219,636,Southern Map
795,Unknown NPC (795),283,568,Port Sarim
795,Unknown NPC (795),331,553,Falador
795,Unknown NPC (795),369,715,Karamja
795,Unknown NPC (795),402,853,Karamja
795,Unknown NPC (795),441,494,Catherby
795,Unknown NPC (795),445,3370,Underground/Dungeon
795,Unknown NPC (795),501,451,Central Map
795,Unknown NPC (795),553,610,Southern Map
795,Unknown NPC (795),582,574,Yanille
795,Unknown NPC (795),588,756,Yanille
795,Unknown NPC (795),713,1450,Southern Map
799,Unknown NPC (799),119,650,Lumbridge
799,Unknown NPC (799),218,744,Southern Map
800,Unknown NPC (800),121,649,Lumbridge
801,Unknown NPC (801),123,649,Lumbridge
803,Unknown NPC (803),222,3516,Underground/Dungeon
804,Unknown NPC (804),220,3281,Underground/Dungeon
805,Unknown NPC (805),122,655,Lumbridge
805,Unknown NPC (805),130,466,Central Map
805,Unknown NPC (805),131,493,Varrock
805,Unknown NPC (805),293,539,Falador
805,Unknown NPC (805),467,455,Central Map
805,Unknown NPC (805),512,545,Seers Village
805,Unknown NPC (805),551,486,Ardougne
805,Unknown NPC (805),600,603,Yanille
805,Unknown NPC (805),632,757,Southern Map
806,Unknown NPC (806),279,487,Central Map
807,Unknown NPC (807),321,3423,Underground/Dungeon
808,Unknown NPC (808),313,3431,Underground/Dungeon
809,Unknown NPC (809),314,3422,Underground/Dungeon
810,Unknown NPC (810),419,562,Karamja
811,Unknown NPC (811),615,3496,Underground/Dungeon
812,Unknown NPC (812),119,666,Lumbridge
812,Unknown NPC (812),320,1491,Southern Map
813,Unknown NPC (813),316,662,Rimmington
814,Unknown NPC (814),69,621,Southern Map
814,Unknown NPC (814),159,657,Southern Map
814,Unknown NPC (814),226,543,Central Map
814,Unknown NPC (814),288,698,Southern Map
814,Unknown NPC (814),292,472,Falador
815,Unknown NPC (815),96,448,Central Map
816,Unknown NPC (816),221,421,Wilderness (low)
816,Unknown NPC (816),224,419,Wilderness (low)
816,Unknown NPC (816),227,419,Wilderness (low)
817,Unknown NPC (817),115,533,Central Map
817,Unknown NPC (817),975,165,Wilderness (deep)
820,Unknown NPC (820),157,696,Southern Map
821,Unknown NPC (821),184,600,Southern Map
822,Unknown NPC (822),217,739,Southern Map
823,Unknown NPC (823),128,509,Varrock
824,Unknown NPC (824),131,509,Varrock
826,Unknown NPC (826),511,544,Seers Village
829,Unknown NPC (829),63,452,Central Map
830,Unknown NPC (830),320,1487,Southern Map
831,Unknown NPC (831),319,1487,Southern Map
832,Unknown NPC (832),318,1487,Southern Map
833,Unknown NPC (833),559,473,Ardougne
834,Unknown NPC (834),557,455,Central Map
835,Unknown NPC (835),118,710,Southern Map
10,Urhney,117,710,Southern Map
112,Valaine,149,1499,Southern Map
272,Velrak the explorer,361,3428,Underground/Dungeon
36,Veronica,208,561,Central Map
86,Warrior,65,1643,Southern Map
86,Warrior,66,686,Al Kharid/Desert
86,Warrior,66,689,Al Kharid/Desert
86,Warrior,66,691,Al Kharid/Desert
86,Warrior,68,694,Al Kharid/Desert
86,Warrior,69,693,Al Kharid/Desert
86,Warrior,69,694,Al Kharid/Desert
86,Warrior,76,694,Al Kharid/Desert
86,Warrior,78,689,Al Kharid/Desert
86,Warrior,78,691,Al Kharid/Desert
159,Warrior,136,461,Central Map
159,Warrior,139,462,Central Map
320,Warrior,605,598,Yanille
320,Warrior,605,608,Yanille
320,Warrior,608,599,Yanille
320,Warrior,608,607,Yanille
320,Warrior,613,533,Yanille
320,Warrior,615,531,Yanille
320,Warrior,615,535,Yanille
672,Watchtower wizard,492,3521,Underground/Dungeon
672,Watchtower wizard,492,3524,Underground/Dungeon
672,Watchtower wizard,494,3522,Underground/Dungeon
672,Watchtower wizard,636,2626,Southern Map
672,Watchtower wizard,637,2625,Southern Map
672,Watchtower wizard,639,2627,Southern Map
467,Watto,175,3534,Underground/Dungeon
141,Wayne,301,578,Port Sarim
37,Weaponsmaster,105,1479,Al Kharid
102,White Knight,298,525,Falador
102,White Knight,298,570,Port Sarim
102,White Knight,307,570,Port Sarim
102,White Knight,317,563,Rimmington
102,White Knight,323,553,Falador
102,White Knight,327,512,Falador
102,White Knight,329,532,Falador
248,White wolf,401,459,Central Map
248,White wolf,406,437,Wilderness (low)
248,White wolf,411,440,Central Map
248,White wolf,412,457,Central Map
248,White wolf,413,466,Central Map
248,White wolf,416,464,Central Map
239,White wolf sentry,395,467,Central Map
239,White wolf sentry,395,479,Taverly
239,White wolf sentry,395,489,Taverly
239,White wolf sentry,397,471,Taverly
239,White wolf sentry,399,481,Taverly
239,White wolf sentry,409,483,Taverly
493,Wilderness guide,206,758,Southern Map
493,Wilderness guide,210,760,Southern Map
493,Wilderness guide,211,756,Southern Map
781,Wilough,123,506,Varrock
79,Witch,51,717,Al Kharid/Desert
79,Witch,218,544,Central Map
107,Witch,280,1379,Southern Map
314,Wizard,84,1387,Al Kharid
81,Wizard,212,692,Southern Map
81,Wizard,212,1635,Southern Map
81,Wizard,212,1640,Southern Map
81,Wizard,213,697,Southern Map
81,Wizard,214,2580,Southern Map
81,Wizard,217,696,Southern Map
81,Wizard,221,692,Southern Map
81,Wizard,222,3517,Underground/Dungeon
81,Wizard,280,609,Port Sarim
333,Wizard Cromperty,545,576,Central Map
515,Wizard Frumscone,606,3585,Underground/Dungeon
117,Wizard Mizgog,218,2580,Southern Map
722,Workman,20,526,Al Kharid/Desert
722,Workman,20,526,Al Kharid/Desert
722,Workman,20,526,Al Kharid/Desert
722,Workman,20,526,Al Kharid/Desert
722,Workman,20,526,Al Kharid/Desert
722,Workman,20,526,Al Kharid/Desert
722,Workman,20,526,Al Kharid/Desert
738,Workman,25,3345,Underground/Dungeon
738,Workman,25,3393,Underground/Dungeon
738,Workman,26,3344,Underground/Dungeon
192,Wormbrain,282,662,Port Sarim
129,Wydin,275,658,Port Sarim
116,Wyson the gardener,288,543,Falador
574,Yanille Watchman,634,1683,Southern Map
574,Yanille Watchman,636,1681,Southern Map
574,Yanille Watchman,637,1685,Southern Map
574,Yanille Watchman,638,1681,Southern Map
624,Yanni,415,833,Karamja
622,Yohnus,399,846,Karamja
69,Zaff,140,504,Varrock
165,Zambo,347,714,Southern Map
84,Zeke,77,676,Al Kharid
331,Zenesha,556,603,Southern Map
427,alomone,581,3419,Underground/Dungeon
460,bailey,483,614,Southern Map
497,boatman,226,753,Southern Map
497,boatman,227,754,Southern Map
497,boatman,230,757,Southern Map
398,bolkoy,635,1633,Southern Map
400,bolren,648,1635,Southern Map
400,bolren,656,695,Southern Map
403,brother Galahad,585,460,Central Map
419,butler,613,1562,Yanille
419,butler,616,617,Eastern Map
420,carnillean guard,614,610,Eastern Map
420,carnillean guard,617,609,Eastern Map
420,carnillean guard,617,610,Eastern Map
418,ceril,612,1562,Yanille
418,ceril,619,620,Eastern Map
784,chamber guardian,470,3387,Underground/Dungeon
784,chamber guardian,473,3387,Underground/Dungeon
190,chaos Dwarf,107,221,Wilderness (deep)
190,chaos Dwarf,110,206,Wilderness (deep)
190,chaos Dwarf,113,220,Wilderness (deep)
190,chaos Dwarf,270,234,Wilderness (deep)
190,chaos Dwarf,275,2972,Southern Map
190,chaos Dwarf,276,240,Wilderness (deep)
190,chaos Dwarf,276,2969,Southern Map
190,chaos Dwarf,277,2971,Southern Map
190,chaos Dwarf,279,2968,Southern Map
190,chaos Dwarf,282,240,Wilderness (deep)
190,chaos Dwarf,296,250,Wilderness (mid)
190,chaos Dwarf,339,3365,Underground/Dungeon
190,chaos Dwarf,341,3365,Underground/Dungeon
190,chaos Dwarf,342,3367,Underground/Dungeon
190,chaos Dwarf,342,3369,Underground/Dungeon
550,charlie,419,2991,Karamja
310,chef,433,483,Catherby
341,chuck,583,563,Yanille
729,civillian,672,571,Eastern Map
729,civillian,687,566,Eastern Map
731,civillian,687,567,Eastern Map
732,civillian,689,567,Eastern Map
429,claus,616,3452,Underground/Dungeon
424,clivet,619,3477,Underground/Dungeon
408,commander montai,656,662,Eastern Map
499,controls guide,222,738,Southern Map
499,controls guide,224,741,Southern Map
499,controls guide,224,742,Southern Map
7,cook,135,661,Lumbridge
478,cooking instructor,214,726,Southern Map
478,cooking instructor,215,730,Southern Map
478,cooking instructor,216,726,Southern Map
6,cow,50,693,Al Kharid/Desert
6,cow,64,1643,Southern Map
6,cow,94,620,Southern Map
6,cow,97,616,Southern Map
6,cow,97,628,Southern Map
6,cow,98,607,Southern Map
6,cow,99,626,Southern Map
6,cow,101,607,Southern Map
6,cow,102,614,Southern Map
6,cow,102,627,Southern Map
6,cow,108,610,Southern Map
6,cow,110,606,Southern Map
217,cow,138,3527,Underground/Dungeon
217,cow,140,3534,Underground/Dungeon
217,cow,145,3532,Underground/Dungeon
6,cow,146,583,Central Map
6,cow,150,580,Central Map
6,cow,154,588,Central Map
6,cow,161,583,Central Map
6,cow,162,581,Central Map
6,cow,170,588,Central Map
6,cow,174,565,Central Map
6,cow,344,613,Rimmington
6,cow,345,616,Rimmington
6,cow,349,617,Rimmington
6,cow,350,612,Karamja
6,cow,351,604,Karamja
6,cow,352,607,Karamja
6,cow,352,611,Karamja
6,cow,354,604,Karamja
6,cow,356,605,Karamja
6,cow,496,406,Wilderness (low)
6,cow,540,566,Central Map
6,cow,547,548,Ardougne
6,cow,548,551,Ardougne
6,cow,549,556,Ardougne
6,cow,550,558,Ardougne
6,cow,550,561,Central Map
6,cow,609,737,Yanille
6,cow,611,738,Yanille
6,cow,612,733,Yanille
6,cow,975,160,Wilderness (deep)
6,cow,977,159,Wilderness (deep)
6,cow,980,159,Wilderness (deep)
425,cult member,576,3419,Underground/Dungeon
425,cult member,577,3419,Underground/Dungeon
425,cult member,581,3413,Underground/Dungeon
425,cult member,583,3410,Underground/Dungeon
425,cult member,583,3420,Underground/Dungeon
425,cult member,588,3411,Underground/Dungeon
191,dwarf,268,3379,Underground/Dungeon
191,dwarf,274,565,Port Sarim
396,elkoy,625,675,Eastern Map
63,farmer,80,444,Central Map
63,farmer,110,565,Central Map
63,farmer,115,595,Central Map
63,farmer,121,611,Southern Map
63,farmer,152,583,Central Map
63,farmer,185,608,Southern Map
63,farmer,266,600,Port Sarim
63,farmer,492,487,Seers Village
63,farmer,493,493,Seers Village
319,farmer,559,550,Ardougne
319,farmer,559,553,Ardougne
319,farmer,576,525,Ardougne
379,fightslave joe,619,701,Yanille
380,fightslave kelvin,619,707,Yanille
480,financial advisor,207,732,Southern Map
480,financial advisor,208,728,Southern Map
480,financial advisor,209,731,Southern Map
479,fishing instructor,198,728,Southern Map
479,fishing instructor,199,723,Southern Map
479,fishing instructor,201,725,Southern Map
330,gem merchant,551,598,Central Map
308,gem trader,81,666,Al Kharid
481,gerald,654,500,Yanille
409,gnome troop,644,663,Eastern Map
409,gnome troop,645,667,Eastern Map
409,gnome troop,646,668,Eastern Map
409,gnome troop,647,661,Eastern Map
409,gnome troop,647,664,Eastern Map
409,gnome troop,648,649,Eastern Map
409,gnome troop,648,660,Eastern Map
409,gnome troop,648,668,Eastern Map
409,gnome troop,650,637,Eastern Map
409,gnome troop,650,665,Eastern Map
409,gnome troop,651,652,Eastern Map
409,gnome troop,651,664,Eastern Map
409,gnome troop,652,655,Eastern Map
409,gnome troop,652,663,Eastern Map
409,gnome troop,653,652,Eastern Map
409,gnome troop,653,662,Eastern Map
409,gnome troop,654,645,Eastern Map
409,gnome troop,654,666,Eastern Map
409,gnome troop,655,654,Eastern Map
409,gnome troop,655,670,Eastern Map
409,gnome troop,656,667,Eastern Map
409,gnome troop,659,662,Eastern Map
409,gnome troop,660,660,Eastern Map
409,gnome troop,660,662,Eastern Map
409,gnome troop,661,637,Eastern Map
409,gnome troop,661,661,Eastern Map
409,gnome troop,661,665,Eastern Map
409,gnome troop,662,663,Eastern Map
409,gnome troop,663,662,Eastern Map
409,gnome troop,664,645,Eastern Map
409,gnome troop,664,660,Eastern Map
409,gnome troop,665,652,Eastern Map
409,gnome troop,666,665,Eastern Map
409,gnome troop,667,663,Eastern Map
409,gnome troop,667,666,Eastern Map
409,gnome troop,668,662,Eastern Map
409,gnome troop,668,667,Eastern Map
409,gnome troop,669,650,Eastern Map
409,gnome troop,669,651,Eastern Map
409,gnome troop,669,662,Eastern Map
409,gnome troop,669,666,Eastern Map
409,gnome troop,670,664,Eastern Map
475,golrie,666,3526,Underground/Dungeon
258,guard,465,676,Brimhaven
258,guard,467,678,Brimhaven
258,guard,469,676,Brimhaven
363,guardian of Armadyl,542,3275,Underground/Dungeon
362,guardian of Armadyl,542,3278,Underground/Dungeon
362,guardian of Armadyl,543,3275,Underground/Dungeon
363,guardian of Armadyl,545,3279,Underground/Dungeon
363,guardian of Armadyl,545,3280,Underground/Dungeon
363,guardian of Armadyl,547,3275,Underground/Dungeon
362,guardian of Armadyl,548,3278,Underground/Dungeon
472,hadley,657,491,Yanille
417,happy peasant,490,31,Wilderness (deep)
417,happy peasant,494,27,Wilderness (deep)
417,happy peasant,505,26,Wilderness (deep)
417,happy peasant,506,21,Wilderness (deep)
417,happy peasant,515,24,Wilderness (deep)
387,hengrad,609,715,Yanille
422,henryeta,611,620,Eastern Map
471,hudon,664,464,Central Map
466,jinno,175,3531,Underground/Dungeon
402,kalron,629,716,Southern Map
402,kalron,634,681,Southern Map
402,kalron,648,712,Southern Map
402,kalron,653,674,Eastern Map
402,kalron,659,703,Southern Map
402,kalron,662,679,Eastern Map
461,kennith,484,1560,Southern Map
459,kent,510,636,Southern Map
410,khazard warlord,670,593,Eastern Map
42,king,126,474,Varrock
512,king Lathas,613,602,Eastern Map
712,kolodion,443,3370,Underground/Dungeon
712,kolodion,444,3368,Underground/Dungeon
712,kolodion,447,3371,Underground/Dungeon
712,kolodion,449,3368,Underground/Dungeon
283,lady,353,523,Central Map
381,local,589,715,Yanille
381,local,590,697,Yanille
381,local,598,685,Yanille
381,local,599,686,Yanille
381,local,605,695,Yanille
381,local,619,679,Eastern Map
399,local gnome,635,696,Southern Map
399,local gnome,635,1639,Southern Map
399,local gnome,640,699,Southern Map
399,local gnome,641,1636,Southern Map
399,local gnome,645,688,Southern Map
399,local gnome,645,697,Southern Map
58,lowe,115,515,Varrock
413,maiden,414,35,Wilderness (deep)
413,maiden,415,36,Wilderness (deep)
413,maiden,419,33,Wilderness (deep)
413,maiden,423,34,Wilderness (deep)
413,maiden,515,33,Wilderness (deep)
413,maiden,517,37,Wilderness (deep)
413,maiden,517,39,Wilderness (deep)
413,maiden,520,33,Wilderness (deep)
307,man,67,601,Southern Map
482,mining instructor,198,738,Southern Map
482,mining instructor,203,742,Southern Map
482,mining instructor,205,738,Southern Map
21,mugger,105,528,Al Kharid/Desert
21,mugger,162,548,Central Map
21,mugger,280,662,Port Sarim
21,mugger,282,3543,Underground/Dungeon
21,mugger,283,3544,Underground/Dungeon
21,mugger,437,703,Brimhaven
21,mugger,446,675,Brimhaven
500,nurse sarah,647,603,Eastern Map
423,philipe,616,1565,Yanille
397,remsai,640,698,Southern Map
532,rometti,717,1409,Southern Map
244,shapeshifter,351,490,Central Map
130,shop assistant,136,524,Varrock
528,shop keeper,652,536,Yanille
56,shopkeeper,137,526,Varrock
326,silk merchant,565,594,Central Map
71,silk trader,70,667,Al Kharid
328,silver merchant,554,594,Central Map
40,skeleton,6,3395,Underground/Dungeon
40,skeleton,8,3391,Underground/Dungeon
40,skeleton,9,3393,Underground/Dungeon
40,skeleton,9,3398,Underground/Dungeon
40,skeleton,10,3390,Underground/Dungeon
40,skeleton,11,3396,Underground/Dungeon
40,skeleton,12,3392,Underground/Dungeon
40,skeleton,12,3398,Underground/Dungeon
40,skeleton,13,3395,Underground/Dungeon
40,skeleton,15,3398,Underground/Dungeon
40,skeleton,16,3395,Underground/Dungeon
45,skeleton,66,287,Wilderness (mid)
45,skeleton,68,283,Wilderness (mid)
45,skeleton,71,281,Wilderness (mid)
45,skeleton,72,286,Wilderness (mid)
45,skeleton,80,285,Wilderness (mid)
45,skeleton,83,279,Wilderness (mid)
40,skeleton,93,3275,Underground/Dungeon
40,skeleton,94,3276,Underground/Dungeon
40,skeleton,95,3276,Underground/Dungeon
45,skeleton,96,281,Wilderness (mid)
45,skeleton,98,273,Wilderness (mid)
45,skeleton,101,277,Wilderness (mid)
40,skeleton,102,3276,Underground/Dungeon
40,skeleton,103,3277,Underground/Dungeon
45,skeleton,115,260,Wilderness (mid)
45,skeleton,118,265,Wilderness (mid)
45,skeleton,119,268,Wilderness (mid)
45,skeleton,120,278,Wilderness (mid)
45,skeleton,120,280,Wilderness (mid)
45,skeleton,121,261,Wilderness (mid)
45,skeleton,123,275,Wilderness (mid)
45,skeleton,123,280,Wilderness (mid)
45,skeleton,125,262,Wilderness (mid)
45,skeleton,126,266,Wilderness (mid)
45,skeleton,131,268,Wilderness (mid)
45,skeleton,136,264,Wilderness (mid)
45,skeleton,136,271,Wilderness (mid)
45,skeleton,137,3286,Underground/Dungeon
45,skeleton,138,3285,Underground/Dungeon
45,skeleton,179,210,Wilderness (deep)
45,skeleton,181,202,Wilderness (deep)
45,skeleton,188,3297,Underground/Dungeon
45,skeleton,189,3300,Underground/Dungeon
45,skeleton,191,3295,Underground/Dungeon
46,skeleton,195,3271,Underground/Dungeon
46,skeleton,197,3273,Underground/Dungeon
40,skeleton,210,546,Central Map
195,skeleton,211,3233,Underground/Dungeon
195,skeleton,213,3233,Underground/Dungeon
40,skeleton,213,3273,Underground/Dungeon
195,skeleton,215,3235,Underground/Dungeon
195,skeleton,215,3239,Underground/Dungeon
46,skeleton,216,392,Wilderness (low)
195,skeleton,216,3233,Underground/Dungeon
40,skeleton,216,3274,Underground/Dungeon
40,skeleton,217,3281,Underground/Dungeon
40,skeleton,217,3284,Underground/Dungeon
46,skeleton,218,395,Wilderness (low)
195,skeleton,218,3232,Underground/Dungeon
195,skeleton,218,3234,Underground/Dungeon
46,skeleton,219,394,Wilderness (low)
195,skeleton,219,3236,Underground/Dungeon
46,skeleton,221,409,Wilderness (low)
46,skeleton,224,415,Wilderness (low)
46,skeleton,227,399,Wilderness (low)
46,skeleton,230,410,Wilderness (low)
46,skeleton,232,419,Wilderness (low)
46,skeleton,268,376,Wilderness (low)
46,skeleton,274,379,Wilderness (low)
46,skeleton,280,379,Wilderness (low)
46,skeleton,282,376,Wilderness (low)
46,skeleton,282,382,Wilderness (low)
46,skeleton,284,380,Wilderness (low)
45,skeleton,290,2935,Southern Map
45,skeleton,290,2939,Southern Map
45,skeleton,293,2945,Southern Map
45,skeleton,294,2944,Southern Map
45,skeleton,300,2944,Southern Map
45,skeleton,301,2939,Southern Map
45,skeleton,308,114,Wilderness (deep)
45,skeleton,343,2516,Southern Map
179,skeleton,345,2518,Southern Map
40,skeleton,345,3712,Underground/Dungeon
45,skeleton,348,2515,Southern Map
40,skeleton,351,3671,Underground/Dungeon
40,skeleton,354,3654,Underground/Dungeon
40,skeleton,354,3715,Underground/Dungeon
40,skeleton,355,3624,Underground/Dungeon
46,skeleton,376,3336,Underground/Dungeon
46,skeleton,376,3343,Underground/Dungeon
46,skeleton,377,3340,Underground/Dungeon
45,skeleton,407,635,Karamja
45,skeleton,408,627,Karamja
195,skeleton,410,3479,Underground/Dungeon
195,skeleton,410,3485,Underground/Dungeon
195,skeleton,411,3476,Underground/Dungeon
195,skeleton,411,3482,Underground/Dungeon
195,skeleton,413,3478,Underground/Dungeon
195,skeleton,413,3484,Underground/Dungeon
46,skeleton,414,3522,Underground/Dungeon
45,skeleton,416,3463,Underground/Dungeon
45,skeleton,416,3468,Underground/Dungeon
45,skeleton,418,3465,Underground/Dungeon
45,skeleton,419,3470,Underground/Dungeon
46,skeleton,419,3525,Underground/Dungeon
45,skeleton,420,3467,Underground/Dungeon
46,skeleton,420,3530,Underground/Dungeon
46,skeleton,426,3531,Underground/Dungeon
40,skeleton,466,3666,Underground/Dungeon
195,skeleton,530,3327,Underground/Dungeon
195,skeleton,531,3331,Underground/Dungeon
195,skeleton,533,3323,Underground/Dungeon
46,skeleton,535,537,Central Map
195,skeleton,536,3330,Underground/Dungeon
195,skeleton,538,3324,Underground/Dungeon
46,skeleton,546,538,Ardougne
195,skeleton,546,3284,Underground/Dungeon
195,skeleton,547,3285,Underground/Dungeon
195,skeleton,551,3284,Underground/Dungeon
195,skeleton,552,3283,Underground/Dungeon
195,skeleton,553,3284,Underground/Dungeon
195,skeleton,555,3285,Underground/Dungeon
195,skeleton,556,3287,Underground/Dungeon
195,skeleton,558,3293,Underground/Dungeon
40,skeleton,578,3464,Underground/Dungeon
40,skeleton,583,3458,Underground/Dungeon
40,skeleton,598,3460,Underground/Dungeon
195,skeleton,609,3566,Underground/Dungeon
195,skeleton,609,3569,Underground/Dungeon
195,skeleton,613,3566,Underground/Dungeon
195,skeleton,613,3567,Underground/Dungeon
195,skeleton,613,3569,Underground/Dungeon
40,skeleton,630,3295,Underground/Dungeon
40,skeleton,631,3297,Underground/Dungeon
40,skeleton,631,3300,Underground/Dungeon
40,skeleton,633,3296,Underground/Dungeon
40,skeleton,636,3611,Underground/Dungeon
40,skeleton,637,3304,Underground/Dungeon
40,skeleton,639,3306,Underground/Dungeon
40,skeleton,640,3307,Underground/Dungeon
40,skeleton,641,3302,Underground/Dungeon
195,skeleton,650,3292,Underground/Dungeon
195,skeleton,650,3293,Underground/Dungeon
195,skeleton,651,3292,Underground/Dungeon
195,skeleton,653,3291,Underground/Dungeon
195,skeleton,654,3293,Underground/Dungeon
40,skeleton,656,3613,Underground/Dungeon
195,skeleton,668,3285,Underground/Dungeon
46,skeleton,668,3296,Underground/Dungeon
195,skeleton,670,3285,Underground/Dungeon
195,skeleton,670,3288,Underground/Dungeon
40,skeleton,688,670,Eastern Map
45,skeleton,741,3497,Underground/Dungeon
46,skeleton,743,3496,Underground/Dungeon
46,skeleton,745,3496,Underground/Dungeon
45,skeleton,746,3497,Underground/Dungeon
46,skeleton,748,3498,Underground/Dungeon
46,skeleton,758,3496,Underground/Dungeon
46,skeleton,760,3497,Underground/Dungeon
45,skeleton,762,3497,Underground/Dungeon
46,skeleton,763,3496,Underground/Dungeon
46,skeleton,764,3498,Underground/Dungeon
498,skeleton mage,652,3294,Underground/Dungeon
498,skeleton mage,653,3296,Underground/Dungeon
498,skeleton mage,655,3297,Underground/Dungeon
639,slave,743,3466,Underground/Dungeon
635,slave,744,3459,Underground/Dungeon
634,slave,745,3459,Underground/Dungeon
638,slave,745,3466,Underground/Dungeon
636,slave,749,3459,Underground/Dungeon
634,slave,749,3465,Underground/Dungeon
637,slave,750,3459,Underground/Dungeon
640,slave,750,3465,Underground/Dungeon
329,spice merchant,546,591,Central Map
34,spider,11,3395,Underground/Dungeon
34,spider,49,715,Southern Map
34,spider,52,715,Al Kharid/Desert
34,spider,53,717,Al Kharid/Desert
34,spider,135,3294,Underground/Dungeon
34,spider,137,3289,Underground/Dungeon
34,spider,137,3292,Underground/Dungeon
34,spider,137,3488,Underground/Dungeon
34,spider,140,2535,Southern Map
34,spider,140,3491,Underground/Dungeon
34,spider,149,553,Central Map
34,spider,204,1491,Southern Map
34,spider,210,1487,Southern Map
34,spider,214,544,Central Map
34,spider,214,625,Southern Map
34,spider,216,628,Southern Map
34,spider,219,623,Southern Map
34,spider,221,623,Southern Map
34,spider,221,627,Southern Map
34,spider,222,634,Southern Map
34,spider,223,629,Southern Map
34,spider,280,2331,Southern Map
34,spider,288,2936,Southern Map
34,spider,291,2933,Southern Map
34,spider,302,2946,Southern Map
34,spider,308,297,Wilderness (mid)
34,spider,308,300,Wilderness (mid)
34,spider,313,303,Wilderness (mid)
34,spider,315,298,Wilderness (mid)
34,spider,539,3373,Underground/Dungeon
34,spider,540,3370,Underground/Dungeon
34,spider,541,3373,Underground/Dungeon
34,spider,579,3458,Underground/Dungeon
34,spider,580,3460,Underground/Dungeon
34,spider,580,3461,Underground/Dungeon
34,spider,601,3465,Underground/Dungeon
34,spider,605,3463,Underground/Dungeon
34,spider,607,3468,Underground/Dungeon
34,spider,635,607,Eastern Map
34,spider,635,609,Eastern Map
34,spider,639,607,Eastern Map
34,spider,644,3607,Underground/Dungeon
34,spider,649,3628,Underground/Dungeon
34,spider,650,3628,Underground/Dungeon
34,spider,651,3607,Underground/Dungeon
34,spider,679,566,Eastern Map
34,spider,723,647,Eastern Map
34,spider,724,616,Eastern Map
34,spider,725,592,Eastern Map
34,spider,725,640,Eastern Map
34,spider,726,594,Eastern Map
34,spider,728,591,Eastern Map
34,spider,729,638,Eastern Map
34,spider,729,659,Eastern Map
34,spider,731,598,Eastern Map
34,spider,733,581,Eastern Map
34,spider,733,584,Eastern Map
34,spider,735,643,Eastern Map
34,spider,736,588,Eastern Map
34,spider,739,589,Eastern Map
34,spider,742,588,Eastern Map
34,spider,743,594,Eastern Map
34,spider,745,597,Eastern Map
34,spider,746,662,Eastern Map
34,spider,747,598,Eastern Map
34,spider,751,660,Eastern Map
34,spider,753,645,Eastern Map
34,spider,755,640,Eastern Map
34,spider,755,657,Eastern Map
34,spider,756,653,Eastern Map
34,spider,761,647,Eastern Map
34,spider,764,643,Eastern Map
34,spider,764,652,Eastern Map
132,squire,311,568,Rimmington
516,target practice zombie,605,3584,Underground/Dungeon
516,target practice zombie,607,3583,Underground/Dungeon
516,target practice zombie,607,3586,Underground/Dungeon
516,target practice zombie,610,3583,Underground/Dungeon
404,tracker 1,653,627,Eastern Map
405,tracker 2,649,629,Eastern Map
406,tracker 3,668,638,Eastern Map
416,unhappy peasant,397,35,Wilderness (deep)
416,unhappy peasant,398,27,Wilderness (deep)
416,unhappy peasant,401,30,Wilderness (deep)
416,unhappy peasant,401,36,Wilderness (deep)
416,unhappy peasant,404,33,Wilderness (deep)
416,unhappy peasant,409,34,Wilderness (deep)
416,unhappy peasant,416,27,Wilderness (deep)
365,winelda,552,3292,Underground/Dungeon
52,zombie,101,3289,Underground/Dungeon
52,zombie,107,3291,Underground/Dungeon
41,zombie,120,3293,Underground/Dungeon
41,zombie,121,3285,Underground/Dungeon
41,zombie,123,3288,Underground/Dungeon
41,zombie,128,3291,Underground/Dungeon
68,zombie,165,319,Wilderness (mid)
68,zombie,166,324,Wilderness (mid)
41,zombie,168,308,Wilderness (mid)
41,zombie,168,312,Wilderness (mid)
41,zombie,169,309,Wilderness (mid)
68,zombie,169,311,Wilderness (mid)
68,zombie,169,320,Wilderness (mid)
68,zombie,170,326,Wilderness (mid)
68,zombie,171,309,Wilderness (mid)
41,zombie,171,311,Wilderness (mid)
41,zombie,172,308,Wilderness (mid)
41,zombie,172,312,Wilderness (mid)
41,zombie,179,3278,Underground/Dungeon
41,zombie,180,316,Wilderness (mid)
68,zombie,180,327,Wilderness (mid)
41,zombie,180,3291,Underground/Dungeon
41,zombie,183,3278,Underground/Dungeon
41,zombie,183,3286,Underground/Dungeon
68,zombie,185,311,Wilderness (mid)
68,zombie,187,316,Wilderness (mid)
68,zombie,199,3305,Underground/Dungeon
68,zombie,201,3307,Underground/Dungeon
180,zombie,343,3469,Underground/Dungeon
68,zombie,344,3468,Underground/Dungeon
214,zombie,410,3379,Underground/Dungeon
214,zombie,411,3377,Underground/Dungeon
214,zombie,413,3382,Underground/Dungeon
214,zombie,415,3381,Underground/Dungeon
214,zombie,418,3377,Underground/Dungeon
41,zombie,546,3435,Underground/Dungeon
41,zombie,549,3433,Underground/Dungeon
41,zombie,630,3301,Underground/Dungeon
41,zombie,633,3294,Underground/Dungeon
41,zombie,634,3301,Underground/Dungeon
41,zombie,637,3306,Underground/Dungeon
41,zombie,639,3305,Underground/Dungeon
41,zombie,651,3533,Underground/Dungeon
41,zombie,653,3535,Underground/Dungeon
41,zombie,661,580,Eastern Map
41,zombie,662,583,Eastern Map
41,zombie,664,576,Eastern Map
41,zombie,666,578,Eastern Map
41,zombie,666,581,Eastern Map
41,zombie,668,578,Eastern Map
41,zombie,703,3447,Underground/Dungeon
41,zombie,704,3448,Underground/Dungeon
41,zombie,705,3446,Underground/Dungeon
41,zombie,706,3444,Underground/Dungeon
41,zombie,707,3448,Underground/Dungeon
52,zombie,739,3429,Underground/Dungeon
41,zombie,741,3427,Underground/Dungeon
41,zombie,742,3429,Underground/Dungeon
41,zombie,750,3428,Underground/Dungeon
52,zombie,751,3429,Underground/Dungeon
338,zoo keeper,572,613,Yanille
338,zoo keeper,582,618,Yanille
